legacy_id,comprobante
004c559e-b5c2-4a70-a730-24c20b5e7dd1,https://drive.google.com/file/d/1abjoJ0c9r9vn85fVBNAWrLadSGapoBV-/view?usp=sharing
00bb2ff3-e1d6-4114-849c-e08173d20ebb,https://drive.google.com/file/d/14fklLuO7UlXwvCkUXZ-39IqYMU2sJ9bj/view?usp=drive_link
0129c456-f1cd-4c0d-a2c6-0755e57ef315,https://drive.google.com/file/d/1-MF-70OvP-G7O5Z_zH6f9xTEl-XkAk6s/view?usp=drive_link
030f803e-5cb4-4fa1-9129-0c3e5dabe245,https://drive.google.com/file/d/1WgPMpazirRLTseyMgD18NLnL5kOAVvHf/view?usp=sharing
030fb043-7eb0-451b-a5d7-11adb5e1a4b8,https://drive.google.com/file/d/1Y-2HwX_d6pPDlUe7oAjMM3Dak-E6dn3i/view?usp=sharing.      -        https://drive.google.com/file/d/1In8XGJ993LAzJp1Ck9T4N2JKMitpVu2n/view?usp=sharing
036c9992-81bd-4013-9cf1-5cd5fc8ce2fb,https://drive.google.com/file/d/1sGgWbOHTLYWIkWsgA7dZqo5QG8dDMY0o/view?usp=sharing
04595641-bc9a-4cdb-96a9-edea9078dd7c,https://drive.google.com/file/d/1jLoiuV3h42G0tOP7mDlAy81rEy6e8fDB/view?usp=sharing
0605a24c-ecde-443d-b05c-3b2ccad5ee1f,https://drive.google.com/file/d/1CGA0Xk7E5yLkY56DHVmzvMNePEPAIguH/view?usp=sharing
06583acc-965a-4803-b86d-1f91ae3475bd,https://drive.google.com/file/d/1tDjRrUMc7zzg-8DJl0LCm8xa-J-tLUsQ/view?usp=sharing
0673f0fa-88ac-4097-8705-5f90d19febc8,https://drive.google.com/file/d/1e4R77dSaIvO13BAIQDPWb-uYN_Z87nb0/view?usp=sharing
08b5c324-d1b8-414f-8eac-110c4c61d91c,https://drive.google.com/file/d/1OzTweocwTurqInr53nCE13226jiMFKRk/view?usp=sharing
0ab07ca5-9463-48e1-88a9-fa22f29ae754,https://drive.google.com/file/d/1BxNYO9Q6znzSz1IpuC9gzDni6gLm2cY6/view?usp=sharing
0abfe6d3-84af-4f2d-88e2-68b22b12e238,https://drive.google.com/file/d/1e0e8-9PiDFXtzeS-che8lHeNDDjH0bQm/view?usp=sharing
0bd9ece4-2e4a-4bde-9b5f-1e3b699b8e81,https://drive.google.com/file/d/1mLyoLtwbHHtwuoU333CdtsFMlS18zj54/view?usp=sharing
0facf0ea-964a-4b22-9d73-87ae1caaa58f,https://drive.google.com/file/d/1gsabxE17cRHXYgTrWACclFuzt8h3v3Md/view?usp=sharing
10038579-4941-4d27-ab49-ff7404953189,https://drive.google.com/file/d/1bUixvyBKI4qjXo7kuUkfgNXHOvMdMhHO/view?usp=sharing
10cb8dbb-e336-43ce-af03-7ba0f699da28,https://drive.google.com/file/d/1xlf8jpSpEsw4zIDNHL4xgULJDNHDG139/view?usp=drive_link
1122cc7a-2f33-4f98-b7f5-1d9ad633d381,https://drive.google.com/file/d/18iD8gCWLrr9IrjEliPRPrAuTQHM3CKJR/view?usp=sharing
115c89a8-1c16-4969-9320-d2cdd9c2de35,https://drive.google.com/file/d/144fXB2YLw6oTobKHixq3i210pUaVoBXm/view?usp=sharing
130df34d-2178-4084-bbc0-dd77e013491f,https://drive.google.com/file/d/1zsDRV5e1GmZP2S4i0BHC4yJZ9tWhBTwB/view?usp=sharing
136879dd-b5b0-4a54-84d1-322f390c86e1,https://drive.google.com/file/d/17sXgA10A4b6w_OA_XNes9Y1bu5XF9cDN/view?usp=sharing
14f59017-0835-43e1-89c0-9d57e6895d7c,https://drive.google.com/file/d/1-VRRJ0r8nH-XrvanWrmYoXCtNvsMMN-U/view?usp=sharing
1b4a5169-ef81-4945-8c68-acff46272ed1,https://drive.google.com/file/d/1XSHZYu4hut8wgwJYiY3kFNo5nKnUN3OA/view?usp=sharing
1c3b7380-6dbd-4f14-8cb6-90618a9cfc3b,https://drive.google.com/file/d/1C5HIRm9baJeEnA7wAgUnGprdTqpiUk50/view?usp=drive_link
1c4dfa7b-b077-4bcc-ab9b-b36227bdf2f5,https://drive.google.com/file/d/1yRMgC6qNMWHxx0ZW-qG53OCegDdvTkr8/view?usp=drive_link
1cae6655-8c75-41c8-9b24-54799bf7f0f2,https://drive.google.com/file/d/1_0p2HXC8B49ih2QXwZyGyOcfBbDmeEQR/view?usp=drive_link
1e70597e-0d39-4b57-9027-d84ee18e528d,https://drive.google.com/file/d/1bSdTqVcp7nZIB3JAi_GuqyU1GPAB5SqW/view?usp=sharing -        https://drive.google.com/file/d/1H810ISQW8qjye8nRomhQPYOh-cwtY8xD/view?usp=sharing
1eafa4f7-23a3-4def-bb9f-15e032726b1a,https://drive.google.com/file/d/1iUh53YCm3EHV6jpnEw3bGzdpd9UWQB2l/view?usp=sharing
1fe4b51c-199e-4617-8680-371017ca1d36,https://drive.google.com/file/d/1wORSF_7vxGw11AnhltQKRS8p9OZV5iCg/view?usp=drive_link
20c9f94a-2f66-4e86-89e1-d5292d5bd0c8,https://drive.google.com/file/d/14AbFxLwCEtZxXHhWHBtwQPO8hLTE3AZt/view?usp=sharing
20d72d8f-10d6-4565-bef8-c04e1b5a17bb,https://drive.google.com/file/d/1rM5n7fYWVstojQiWKX2fR-C-PF99l858/view?usp=sharing
21858991-dd5e-46dd-b3bd-60d0092ba673,https://drive.google.com/file/d/1A2obvOKk5-5QBbT1KFVhEBIJctt1joNZ/view?usp=sharing https://drive.google.com/file/d/1sf6RcDQfbJYfwi8gWcu3IC7b8MZtnJJY/view?usp=sharing
2187b97d-c21d-4586-8932-b0ebb8cf41aa,https://drive.google.com/file/d/1VjeVcxhWOSW1nOH24sp9B3IGAFPrFTcY/view?usp=sharing
224f7186-7555-45f3-b433-86fa25e362b9,https://drive.google.com/file/d/1BYizc6Q3BaESFe2MwjdInalvK5z-WNPn/view?usp=sharing
25942a16-293a-41f1-af36-a0c5a465b86d,https://drive.google.com/file/d/1TPWzgdstq_vXxjjr7yOcSzbBoI0BUgv1/view?usp=sharing
2599236c-0078-45e7-af93-2859609ee031,https://drive.google.com/file/d/1Tk1UMRgbU_Wx5TjluBh6rZKIwBwlwZKl/view?usp=sharing
2747e157-aecb-4298-8d8b-ccad1b7b3553,https://drive.google.com/file/d/15om1P0CSGYmlD_2Ivu82j7QtesH5Eq7F/view?usp=sharing
274a7152-54f9-4daf-b65d-8449ac2b6386,https://drive.google.com/file/d/1rByBCVFlrNORpV79SlVTbKgHeDrqdv5T/view?usp=sharing
28196dce-6d84-4a34-bc94-e53174b22a49,https://drive.google.com/file/d/1Vb3cawwLpqfhA80AFfjhrgxjHKUtWGX8/view?usp=sharing
2b35e6c4-b8ab-4696-9213-0cfebcc05fa6,https://drive.google.com/file/d/1m3Elv92Ws7rKjd-uHYj5xVsy5c3vla9l/view?usp=sharing
2b5afb94-1106-453f-926d-0cb01984a5d8,https://drive.google.com/file/d/1m3Elv92Ws7rKjd-uHYj5xVsy5c3vla9l/view?usp=sharing
2d7052af-ca97-4344-ae31-8459ec53df1c,https://drive.google.com/file/d/1U8_qn0SYicr798JhdwPzsJXmuXtIlFPP/view?usp=sharing
2e11eeb6-d9d5-4c29-8b8a-6cb3df775b50,https://drive.google.com/file/d/1-kI1FvVww0XvxUAMMykuXzKHe2UXYUSn/view?usp=sharing
2ebe33c8-cd55-405f-bfec-bc2c3fd07711,https://drive.google.com/file/d/1s27AtTcMpJok_S4bxHH_lD0FvEGp14HU/view?usp=sharing
305842f2-da0d-4ea5-ab37-17324cf29431,https://drive.google.com/file/d/1Ujc-xa7fE3ba4qwPbqzR7sqm3FKDIM7k/view?usp=sharing
31aaaf68-60db-4578-91af-6a8c1112586c,https://drive.google.com/file/d/1mPDwxS6dobDWFL9zAcjVWBmwHDABMdOJ/view?usp=sharing
3229fc39-91ee-4015-bbe5-0e6e06332aaa,https://drive.google.com/drive/u/0/folders/1SBYgyfAa9TTda9l6k-kBjg1cQmSxfUeZ
32c3e063-f938-4798-ad36-c544e4315046,https://drive.google.com/file/d/1WmeNz54_2Nkaa05ZYfon0FE7CDfNADta/view?usp=sharing
34de1044-5f55-4640-a26f-565bd0706441,https://drive.google.com/file/d/15ip8dDkbytdmwD-Zi-4agKit3qT0nCIn/view?usp=sharing
3513b14d-4aad-4a29-a821-1c94f83bfdbb,https://drive.google.com/file/d/1_Sirol6pnBnpNG5WY05i2YHlQisWjqjv/view?usp=sharing
35c9a574-a406-4cf3-ace2-43b0b172f5ce,https://drive.google.com/file/d/1dFW_V6mMZg4zFgEF8WQXhmxCvsPrGFz1/view?usp=sharing
35f6fac1-ccc1-4cf1-a291-6c65a565022d,https://drive.google.com/file/d/1GOnIOtSQQ1Kb5HLMVok-6-B_cjgyC-kz/view?usp=sharing
360fbb1e-7064-4f0f-a8c8-d6efc0065eaa,https://docs.google.com/document/d/17qgM0uS7x5DYJxZTShAWxOH_KgNUO55iceaUPM7Jahk/edit?usp=sharing
3777e6f1-e103-41c6-9974-aecbc8a348ff,https://drive.google.com/file/d/1JV57KTgCCdz_7k9SfAfJGtEjPzjsjh6h/view?usp=sharing
38bcf763-13a6-49a6-8ad1-62603aa991b7,https://drive.google.com/file/d/1qClNCu3gs7SlStwTcQXuB73rKzQWtfcm/view?usp=sharing
3989e140-3b53-4ad0-a606-c56d77649653,https://drive.google.com/file/d/1uSbtLnrMb9_67_AH9Bzo8u0VYQamgkse/view?usp=sharing
3a2d3baf-20de-48e1-8078-6fbfd0057f16,https://drive.google.com/file/d/12NfdVImfp9EBbFWwtakpbFHI8uskxzFZ/view?usp=sharing
3a5f2b85-28b5-4cae-9a90-cf10e1529216,https://drive.google.com/file/d/1kthLcw-vr4LE1mI3LXc7FP6yyoVtMYhv/view?usp=sharing
3ac77493-800d-4a04-a3eb-afbade9b10c4,https://drive.google.com/file/d/1tZ5bpEhQxnM1oEqcxnTN1AGIHRNBMiyd/view?usp=sharing
3c2f66f1-29c8-4a47-a776-cb851df44dab,https://drive.google.com/file/d/1S1sStxaACipayjXdaVJOh_6AIEbtcSlO/view?usp=sharing
3d287016-0562-4d00-88d0-bc58802b1155,https://drive.google.com/file/d/1XD9bSU8JnLxUeowZCNgAc9ymMbdILvuy/view?usp=sharing
3ed26e47-0dde-4eb4-b437-08c7f0f7957c,https://drive.google.com/file/d/1-X0paFdAlCJ4jf9zMPc14tIHQO4oVnAv/view?usp=sharing
3fb244a9-5b37-4251-9977-77ac56557e14,https://drive.google.com/file/d/1QO2J7SidPLw3t3QxUFX77etMiQZvmH9E/view?usp=sharing   https://drive.google.com/file/d/1nQyA4hhtqVuFtIGrgX9FFwjuFhaVSyIf/view?usp=sharing
42c667c7-6ce6-4f28-b977-a907841e7d17,https://drive.google.com/file/d/1jLoiuV3h42G0tOP7mDlAy81rEy6e8fDB/view?usp=sharing
431169c7-f37d-48b5-b28b-9109edbb5ad6,https://drive.google.com/file/d/10Am5CVdstfTD9feJZw6uS-0D-i0Z5GHM/view?usp=sharing
4492393c-9af8-48f3-8487-66bfbece0e83,https://drive.google.com/file/d/1-tpqzQiEP0qh680nRD-tpuT6PdFqIXoc/view?usp=sharing
458ec9c5-6211-45ba-9f52-46ee7e596451,https://drive.google.com/file/d/1WVZF6i1aVfvyWHaMC5tMBAtlXmIiZs4g/view?usp=sharing
470cc080-7917-4f04-8c1c-43c79a915c1d,https://drive.google.com/file/d/1SqRSMxMUzDC1t36emsujMMdPjtIyGa_N/view?usp=sharing   https://drive.google.com/file/d/1Tq8hqF2IDtWFcXH_49vJkyoAdgUIJtLQ/view?usp=sharing
47743850-3658-43e0-9703-eb79605a8625,https://drive.google.com/file/d/1o0z11Ej9qBdcDVewqbnw6C7zWf8GunM7/view?usp=sharing
47f377fa-9496-41f7-b6cd-587398ea93e7,https://drive.google.com/file/d/1xGkm5wR8ndbcVqz7ti5iB5v19i0Ff3hQ/view?usp=sharing
4838d8cc-70a1-4a18-8646-d89036acc5ec,https://drive.google.com/file/d/1NCV7kvLoIIyn6b4v1MVmEJGxbrKwdFDy/view?usp=sharing
48847921-84b9-4d08-8900-202423fb1bf3,https://drive.google.com/file/d/1z4tEHfbycHcsKXZiYK6gBPjCDw2cdFoC/view?usp=sharing
49f4cff9-cffb-4e5a-bc8c-581111423cd8,https://drive.google.com/file/d/1qHWWpDURQ4ajPqWnZsQqCHofB9xshH_i/view?usp=sharing
4a94e778-9f29-44e9-a8a3-8afa258bb536,https://drive.google.com/file/d/1sHwbGZN-2hJ2B4rReI7haikLkeeJRSmg/view?usp=sharing
4baa337a-3aa8-41d8-91c5-52ba7c500971,https://drive.google.com/file/d/1v_LsBEewkcHrIR16L8NOTNbinXwVtzS8/view?usp=sharing
4bc96405-3763-46ea-b245-dba53ab331be,https://drive.google.com/file/d/1hRYaGsI1Cz2eTbJx66Y_JiGhy9skt11O/view?usp=sharing
4c4facb5-eb9b-4c28-849d-c8f2f731a485,https://drive.google.com/file/d/1IzLlcvuSuCLGnChQKgxgWSLNGtGVkN8s/view?usp=sharing
4c500e3b-d466-4d14-8b09-55c5a943273e,https://drive.google.com/file/d/1tzUb_0nMQga0FBtueGLWZfmHIyba95b9/view?usp=sharing
4ca8c91b-5bce-488d-b3be-a48eb962b447,https://drive.google.com/file/d/1IzpAt9CgLABzXVnGDdv-7KIv892ozwoU/view?usp=sharing
4cf73be7-8042-4c6e-b439-4c5c74ce7d26,https://drive.google.com/file/d/19j03uuFhooGUJueVEjyrV9aPlt21VOPR/view?usp=sharing
4d96b8f4-5555-4d54-91ab-d0317715b2ce,https://drive.google.com/file/d/1SpVoJ9ptzBOyf2fp-BIZrIxgTcffKzWJ/view?usp=sharing
4f10cb87-28f1-4be0-9562-ca41a09209bc,https://drive.google.com/file/d/1gwNlzPeoms53U4IzLvdy0ht1N5TcK2tr/view?usp=sharing
50a24df4-8ebd-418b-be5f-ec5e8d6f1dc6,https://drive.google.com/file/d/11fUe79Da2g-_nvk2hjIF9oEYaOEiZYaw/view?usp=sharing
50ac6c00-e3e6-4f34-b946-a7fd69b23b97,https://drive.google.com/file/d/19Nm06k78iGE69y95b3ef1EZA7ykc3m8M/view?usp=sharing
51127bc5-6d4f-4d06-8c95-525dd6a8eb29,https://drive.google.com/file/d/1CSdgWwpRGPhHICBqQ3KWhTe3xgPqMrRl/view?usp=sharing
53395695-3694-48b9-bacd-f87c9ad42867,https://drive.google.com/file/d/1k4j5u7VnQYCNBDRBbac4tJaTttWE0z8t/view?usp=sharing
53be25e2-e433-4079-907a-26e6c6852371,https://drive.google.com/file/d/1s9KPQL95naJIjaF_VS8nqI4pIomzoDDq/view?usp=sharing
53c4bcd2-cf0e-4d61-809f-258ab629fda5,https://drive.google.com/file/d/14x5VCXg6U0t2RhIAZ-wqfpDubjRsfBHr/view?usp=sharing
5474a81d-01ef-4deb-aa40-cfc2710939bf,https://drive.google.com/file/d/1qwh_oxdQHkQs_sUh_4M1fg8PP1B11u1O/view?usp=sharing
54e3fec9-34d2-4c28-9999-9f99baca795d,https://drive.google.com/file/d/1_WNI4xMk9IzFCeLb10dZ3WSyc7t4ZUOx/view?usp=drive_link.  /.  https://drive.google.com/file/d/1KfFCmUkvyXlFizdaA9dA0j3R7bY9rAfi/view?usp=drive_link
55ee75d1-9f69-4722-ad50-dd0154d8f044,https://drive.google.com/file/d/1-OFLFo9YRmOaPlUKJ9p1bgzJQtZD6qAi/view?usp=sharing
56740ec6-10ef-42c1-bda0-0f131172b11c,https://drive.google.com/file/d/1QJKh-Bp3SqRzYjmKixdpKeiNHbvgNzLX/view?usp=sharing
56e67128-96bc-4484-bd40-13dee3dcf7ad,https://drive.google.com/file/d/1l5cFL6mvYM35HlZhxNbZm6GyWCYCD-tG/view?usp=sharing             https://drive.google.com/file/d/1l5cFL6mvYM35HlZhxNbZm6GyWCYCD-tG/view?usp=drive_link
5724ed9c-3f55-4fbd-b948-e9e1807f62fa,https://drive.google.com/file/d/1Ec6CLyG-8ZIZ0a90gVq1GFSzYZoA_joB/view?usp=sharing
582d2f29-c37e-42b7-872f-bf3d5826b51b,https://drive.google.com/file/d/1qowLlpZZcJy1GOWWvOMuBsW5E_qCHoau/view?usp=sharing
5956f60e-fa20-4284-b3d6-e274a47ee843,https://drive.google.com/file/d/1j3LlAhJb4sXJdNqRzjSMzZa5Ymr-xRjV/view?usp=sharing   https://drive.google.com/file/d/12az9ZCwGVWJ2SU_c0XOIoBnjwr3u7hDx/view?usp=sharing
5c17a4f6-95cf-4b70-92cb-dd6815033bd2,https://drive.google.com/file/d/1JDoPBFc8QZ9KYIVwVcQHyPBiH-a7aXMV/view?usp=sharing
5d44cf82-64eb-43ea-94ba-b0d1234648e8,https://drive.google.com/file/d/1eBYOPpE0R_VgIrK96UcUylW6OFCdrQ_b/view?usp=sharing
5de6d03c-014c-4302-84f3-fd97db73baa5,https://drive.google.com/file/d/1yDfNZrjHxznO1LQF7KM0R6OI8f1yJ9na/view?usp=sharing
63b00707-ae3e-478f-9686-fe0bc275d006,https://drive.google.com/file/d/1krWAhNO2qz0LwDKuw__hHF97PtIGu4nL/view?usp=sharing
6489303a-30f6-4c98-ab42-660b265ea7e0,https://drive.google.com/file/d/1g3-qIzJzaat14bL8rjagTPIhXlQYqVwc/view?usp=sharing  https://drive.google.com/file/d/1V96XtclQv5HPWznuBzP3topUArhPDBH8/view?usp=sharing
64ca7ebb-6c7a-4a3b-a3e0-3b385cc9717f,https://drive.google.com/file/d/1DECXXSzCNGXzvtSi9_r4egwizJqmJeN4/view?usp=sharing
654cb484-aa61-40e0-ae7d-1afaf0d35318,https://drive.google.com/file/d/1w8XbdjZfQqqFCQSpfmE6b5r10I63ccYC/view?usp=sharing
665e1bbb-c927-46ec-b014-43d2ca8e9d5c,https://drive.google.com/file/d/1hQJpXh23IzbJr19iCp49cXwHIBphWZh7/view?usp=sharing
69b77abe-9c77-41a8-a17e-01f4eea69a39,https://drive.google.com/file/d/144fXB2YLw6oTobKHixq3i210pUaVoBXm/view?usp=sharing
69f1a304-bb70-4932-89f2-a2e99437f95f,https://drive.google.com/file/d/19iFoJlc3mIIjD2fB5oot837yjk4ZRrlT/view?usp=sharing
6ae1b3da-5d3b-4b44-9042-e8c200d64193,https://drive.google.com/file/d/1sGgWbOHTLYWIkWsgA7dZqo5QG8dDMY0o/view?usp=sharing
6b717a31-9084-49ed-9ab7-0633852346af,https://drive.google.com/file/d/1f9udv8I3-SpxunutqS3Wt6qx-bGIEqg5/view?usp=sharing
72529425-22c9-4435-b084-f88bf80ed240,https://drive.google.com/file/d/1go2ZsUyftsFBZEKQIh2f50t2sEVN_GNg/view?usp=sharing
725ea1d1-6a50-497a-a977-d27313e47ae0,https://drive.google.com/file/d/1_eaorpBMjCesEGc5SFPu7StZyN7OWlAE/view?usp=sharing
72918f45-ed3a-4ba9-8f99-22886d3c708b,https://drive.google.com/file/d/1_9X2FpCagWdus3hiS7o0Jm-3D9nStdNf/view?usp=drive_link
729bcf15-b965-413a-aebe-e17c579aabec,https://drive.google.com/file/d/13bLzqMu5PsZu72Kn5lciPzTsPCBz60_R/view?usp=sharing
73194727-eb86-4dfc-a956-cd3cf17f61f9,https://drive.google.com/file/d/1pmOwO5TkOpcN2KRB5u7hY0QXjzu7hiig/view?usp=sharing
73709e68-bb0f-4d9a-9f96-164fedab41da,https://drive.google.com/file/d/1HOtjIe_Brw2qi3Fy1q3bTq-FkSQG5l99/view?usp=sharing
73f8bf85-c75f-4294-8c48-6e3174c4251c,https://drive.google.com/file/d/14HrHOkf9CBg_rz1YrbxzjLF08flXYDG8/view?usp=sharing
74eaa5f2-682c-45f0-bdde-78d22d03a7ca,https://drive.google.com/file/d/1ExwN6Mr0HJnQ-yrYvQEpRTU_24_SMbHn/view?usp=sharing
7603c83f-7147-442d-b5d3-2de9a2984c69,https://drive.google.com/file/d/1fWdePCnk-89PEZzJJRNMMolfuIDngGBZ/view?usp=sharing
77e5cbce-a829-4887-aa1b-0f47f6878fb5,https://drive.google.com/file/d/16uZAkSnKl18GUjvTzTfAxr77Z8l2vFKT/view?usp=sharing
789d1f23-fd79-4b1b-ab27-2cc16c9efe4a,https://drive.google.com/file/d/1erP3AqtBvlxjKpDSSYKNL4pfybYrKdvd/view?usp=sharing
794e0606-bf6d-4c90-b5f8-b4b549614f16,https://drive.google.com/file/d/16uTPbnZ8hwE0NGcjBKnA-0qlWmtpyeQq/view?usp=sharing
79e0fc8f-a7fd-4fc6-8877-828b89829567,https://drive.google.com/file/d/1iXjGnhWrtVoduKzv04UFojiYNovj-1Li/view?usp=drive_link
7aee13b8-ab43-4d77-ab61-037f53057645,https://drive.google.com/file/d/145r950nf32-eXsbIv7MU06bz1MLOazdm/view?usp=sharing
80a6c0d2-c268-4642-891c-98498ed3d2c2,https://drive.google.com/file/d/1w2lU7of_DvOzRauN_qXzeea2Ojy8-UOM/view?usp=sharing
810ca7b8-fa82-4165-a416-a52f320dc2fb,https://drive.google.com/file/d/1Y0E8ff2s9urRHiH87kVbNve-PiX7iAa9/view?usp=sharing
815bf8e8-8b06-41d4-8f9f-817c5099da5f,https://drive.google.com/file/d/1EBMMlAqwZtmNf0xlBTGnv0GMXFrjqEb5/view?usp=sharing
816100dc-3714-4096-942e-143217c48f89,https://drive.google.com/file/d/1eLabfxwR1UG5xDfH49wHmt56dQ2F2BsQ/view?usp=sharing
825dfcb0-9b38-44b9-944b-8eddb0e29af2,https://drive.google.com/file/d/1G5zG2lUClmRFgdy8oUzd4r5NLMVYX1Ci/view?usp=sharing
860f0140-1ecd-43fc-a6d8-b4a8f1492dd7,https://drive.google.com/file/d/1NSqSpzlL0MfaAGg5LThV5VlOKyrAIM_8/view?usp=sharing
86f28cfc-7fc4-4656-9494-d4de17d694ec,https://drive.google.com/file/d/1kpGO4vtJNaibTs536fcuWp7DTQQQBMm6/view?usp=sharing
8918a228-c5aa-4646-a994-8b233213740f,https://drive.google.com/file/d/1N1WAhnyj-iXCE1Z-ZZT_PeeJUf0whSXS/view?usp=sharing
89f97c06-44c2-4fc4-a4f1-6dbc601b55a6,https://drive.google.com/file/d/1TXscrGUE9Q5Mt8xRcTZg8W_xfkmZ5LVB/view?usp=sharing
8c25b199-3f73-4df3-81f7-8f6c94b42b19,https://drive.google.com/file/d/15bTVsewp0AwiRpKH34E_10f0pdhzd27J/view?usp=sharing
8d0279f3-cb68-487e-810b-8b3a45a46994,https://drive.google.com/file/d/18jq5qT7-OImCVQnA6iPSCUJX28o343ka/view?usp=sharing
8e4b9b51-b314-4deb-bf7f-c2854371ce61,https://drive.google.com/file/d/1vwk7bZgFu1SnONG-2lACMn0I1CznpHwi/view?usp=sharing
8f482a60-a4d3-40f8-8e5e-009414a7b1a8,https://drive.google.com/file/d/1yaC8PtsBqdTbHeMeM3FXkKdVF1uXa8aY/view?usp=sharing
8fd007cb-ce81-4376-a6fb-104c0e89319a,https://drive.google.com/file/d/1TpEAEgpm9DVpIvYyBw6JOM1rIoi1pF23/view?usp=sharing
8ffe01b2-a79a-4574-81d4-9e6d0c51b30f,https://drive.google.com/file/d/11sheR240YBlTvyF6PiqOt9geYg9rrTT4/view?usp=sharing
90313f0b-5d12-4e87-aa94-3f97c5a3e4ca,https://drive.google.com/file/d/1cml5keXgIhlJGmaxIeV7o_AFr4heas8K/view?usp=sharing
90faf73a-2816-4401-9707-72f29ffeba07,https://drive.google.com/file/d/1vbpvH2IJTGII33G0zKZbM3DOI30tp6o5/view?usp=sharing
922e8de8-289a-45bb-b359-652c2ec07543,https://drive.google.com/file/d/1Ql53eEqmBfls5VyvBkyWEPiQ2A1nGFBX/view?usp=drive_link    https://drive.google.com/file/d/11sheR240YBlTvyF6PiqOt9geYg9rrTT4/view?usp=drive_link
94ab5566-1297-4bb8-a84d-4cf87f8b25cb,https://drive.google.com/file/d/1TZbwv8ftkG1n8GcJHl8Y4hwW9r4RLUFb/view?usp=sharing
94dd997b-8be3-467a-bc78-e826097d83a4,https://drive.google.com/file/d/1hVZcUryCRACgvtVqBuKW9BXnRR12xmlz/view?usp=sharing
956e4b4a-353a-4ac8-9e16-47c91432bc78,https://drive.google.com/file/d/1go9uvwH18-9GIpW6vlpE-lP6qCc1uu_x/view?usp=sharing
95c0c233-ef7d-4f30-b9b3-e4a35b07c7ff,https://drive.google.com/file/d/1TKTIm9n2jUKpHUOXllBGVV2IPb7Lt99w/view?usp=sharing
9706cd13-3420-4c6a-8144-2ce0f78f3786,https://drive.google.com/file/d/1PuQivMwF9dVuJvSwT18IRuAx2U-6LhrJ/view?usp=sharing
98d6aee8-9709-4a8b-9ce0-017f4ce08b87,https://drive.google.com/file/d/1Ofc7mb2PiOhRmrru--U2NCry1W1sRgD6/view?usp=sharing
99ee1d25-51ce-4e8d-a61a-a1ebd551139e,https://drive.google.com/file/d/1qq6E4Qc9hnsRgMRj_wKWtAaMDqu7g1wX/view?usp=sharing
9c1e77e0-e052-4744-8e76-fd39e372d708,https://drive.google.com/file/d/1xXL2m8t8TpUY_nD6tLHxC_-2oWlXribj/view?usp=sharing                  https://drive.google.com/file/d/1xXL2m8t8TpUY_nD6tLHxC_-2oWlXribj/view?usp=sharing
9d3a3548-d077-4410-9299-0801667cd1ad,https://drive.google.com/file/d/1T2rihC6ah2faU_neI1n98GRJiqQ3wwrU/view?usp=sharing
9d40f542-10a4-4a55-90cc-9ecf0b074eea,https://drive.google.com/file/d/1lNgoo9cRCanKe2lq5rQDY1vmRhqdg94f/view?usp=sharing
9e008880-a4d0-402c-88a8-4e625de784d9,https://drive.google.com/file/d/1yXGDtuciiRMTn93H2olto62yir3EFaj_/view?usp=sharing
9e40c266-cfd4-4faf-b91c-7705ee75c900,https://drive.google.com/file/d/1CAavsDc5m4imKAbNIJIZWsaYfJtISLyz/view?usp=sharing
a014ae67-858f-4398-a7d1-fa97df4cc00d,https://drive.google.com/file/d/1XACEM5ihNm-asWBC6Ln69wI50e2dVIyi/view?usp=sharing
a04aa007-b59f-41e8-81b1-20b4d3657aef,https://drive.google.com/file/d/1lfSdL9wjexzxXqgzpk0hLmKO2IWVhtZr/view?usp=sharing
a0b27cc7-dd51-47e0-a2a6-7b05b643cfa8,https://drive.google.com/file/d/1xlf8jpSpEsw4zIDNHL4xgULJDNHDG139/view?usp=sharing
a0d13c4c-52ee-4561-83cf-7d542c926c0a,https://drive.google.com/file/d/1N334eF9dU-zekBo0jyIehlf59W5OCjKH/view?usp=sharing
a14d0e2e-72fb-446f-b8c0-8714a6e333eb,https://drive.google.com/file/d/1iAQFuAvXSLTBao6azJ0u4RIgqto-glK7/view?usp=sharing
a18a466f-8b28-406a-b6de-b3dff6f252e1,https://drive.google.com/file/d/1PI2zh_b_rEnRPm5e_65mQzkwZ3ng4yfF/view?usp=sharing
a21e13bc-d516-488f-9635-f58fb829793d,https://drive.google.com/file/d/1Jv2YYHr3PxFNJkdDla6sGllNGM_Q3D2L/view?usp=sharing
a3311451-d58e-499d-9bc1-dee333287426,https://docs.google.com/document/d/1_evgik-DBeCB2eV43V5NVELi7hBBalluYvYvk952Wqk/edit?usp=sharing
a44d0e2f-c333-4ff6-b605-f34cdfad9588,https://drive.google.com/file/d/1vpkhVgJxC3cveZSlu-0lu1-gFM7TdKrC/view?usp=sharing
a496b0a6-5eb2-42c8-adf8-5b6f303665d0,https://drive.google.com/file/d/13EZnqqffg3ertx7r5Z2VkgGfzrNUe03Y/view?usp=sharing
a4cbfc40-f45b-4907-a7cd-52b23861df2d,https://drive.google.com/file/d/1wzlYMomqSViqPhHULagER_ILAVlJNESS/view?usp=sharing
a4ff1aac-b786-4c47-9c8a-ac9e70ba057a,https://drive.google.com/file/d/10KxPbv6ebGXDGCCk-A2TU2k2UqATxPP3/view?usp=sharing
a51b352a-a2c1-43b7-94ff-4c53764af7f0,https://drive.google.com/file/d/1i0Nrvbv0qSNiR9YQvQBP3eZSZ1fGEP-N/view?usp=sharing
a567cef4-8169-4ce4-a013-9c2425ac2ac6,https://drive.google.com/file/d/19rWs4H-cqYYr_PlF7Sm3e8XimWra2muZ/view?usp=sharing.      -         https://drive.google.com/file/d/1_NhfknicDWIYfd4FAnDoE3wiO6_wCypw/view?usp=sharing
a5ea3e2b-bb0a-4b16-aa63-8ee62843e63f,https://drive.google.com/file/d/1-kI1FvVww0XvxUAMMykuXzKHe2UXYUSn/view?usp=sharing
a5f31401-85ca-4e43-aa41-3cd2d2d6e96d,https://drive.google.com/file/d/1XonPg2eZZC-c4sRpoi_r81qHjJMUMZkW/view?usp=sharing
a6234007-04cd-4192-a409-7888f3d15eec,https://drive.google.com/file/d/1gA80drZLU6LH545t4h54l72ZcCaTwv-R/view?usp=sharing
a66e348e-28b0-40e6-bfef-df8dab37409e,https://drive.google.com/file/d/1ez3Kewsc0OI1GTLa98QFPOZbXNMA4PSa/view?usp=sharing
a6d24669-295f-4996-809f-93e21b26299b,https://drive.google.com/file/d/1JQPvaPgcDx4NStVOzhJJZJlydKmnR245/view?usp=sharing
a92d9d73-e436-4047-938d-d99a21c82a53,https://drive.google.com/file/d/1kVPBtINaxRHba2JdATnugrDpMXR7fA_g/view?usp=sharing
ac95ab08-817c-453c-8a5a-628be23a2f2c,https://drive.google.com/file/d/1IwHax8vSvuHzHI7ug3Ax3WfqYh_0S16Y/view?usp=sharing
aedca614-b263-4d87-9a43-f7e532f0ddd3,https://drive.google.com/file/d/11_nplJ0Q7E4GNUjEW4p09TTgdLn2PkSn/view?usp=sharing
af7b7117-8c33-4667-b5cd-1e9f5ff51d4a,https://drive.google.com/file/d/1tMzGyRv3l_Lopl7flaKId8aFl6OTdc58/view?usp=sharing
b07e01f3-e16a-4eae-9ec6-c3a90b972d74,https://drive.google.com/file/d/1iW2148XoOYyFWlm85_zr6rrP1Ru7nc6S/view?usp=sharing
b0e60dea-6d3e-44cb-8843-59fe049cf8e6,https://drive.google.com/file/d/1_PhdZTuLAqN3zQbjK9GPdO4DQvUNya3t/view?usp=sharing
b246fb0b-a4de-443a-81dc-f03eba4fc142,https://drive.google.com/file/d/1J0X0T5Eo7nCjpVC59-N1fzSxXPDpbm-Q/view?usp=sharing
b2d1bd72-0eba-401c-b36b-ad77c177defd,https://drive.google.com/file/d/1vxKsx5B7n-avAIH0ABLMRdIHOKQEW19E/view?usp=sharing
b368a59b-58a2-4015-b6d5-137aa557945b,https://drive.google.com/file/d/1BYizc6Q3BaESFe2MwjdInalvK5z-WNPn/view?usp=sharing
b4aae99e-90c9-46b3-b595-04832dd33545,https://drive.google.com/file/d/1uacO77JFh7VLMYxq0w9Xsj9i-rbp1J2N/view?usp=sharing
b50eb4c7-6c2a-4a0f-aa46-ff748533922b,https://drive.google.com/file/d/1QxCWl2Ct9uFfmvLf9-nzf9Kw8JCATst9/view?usp=sharing
b77547db-ba9a-46ef-ab79-f84d0ace33bb,https://drive.google.com/file/d/1OEIf2Tc4Q6MKDgnnhvbvEj-0DcdOVMuD/view?usp=sharing
b7e16215-2fdb-46ef-850e-a9feea3b6d08,https://drive.google.com/file/d/1TZbwv8ftkG1n8GcJHl8Y4hwW9r4RLUFb/view?usp=sharing
b829c27b-e5d7-4ad5-a6c4-53ac24f08fe5,https://drive.google.com/file/d/1nQIIn2kP3ojtPAn3kzVETEPkK3ScVouH/view?usp=sharing
b943a2f9-5aa2-40de-aff7-f305450e48a6,https://drive.google.com/file/d/1J_f4FxSbdifhyYAbm_pzr4H0grog5iX8/view?usp=sharing
b987ad34-025b-47de-8ea8-2e651ffcd3bc,https://drive.google.com/file/d/13HNsqFacg31SnnToOMgitXQKO4OjR-Dc/view?usp=drive_link
b9a0e245-9772-4eef-9a92-4bd6eea2e697,https://drive.google.com/file/d/1qpd1gEbnFcbJ7en9VODTYcqQVBa0an5E/view?usp=sharing
b9be8198-f8e4-4658-a5b9-e2f187b24bea,https://drive.google.com/file/d/1fx2pesRqTcmvMmT9N08nwSjc80qp07m5/view?usp=drive_link
baf5ec16-402e-4b9a-8711-b422c673718c,https://drive.google.com/file/d/1sGm68vBMWCf2PtIE2l41Qaa0TlskW81b/view?usp=drive_link
bd0ad399-b1fe-4b14-8fe7-f261df60fd66,https://drive.google.com/file/d/1etj2RTy2g1_3GCR-397lCgXs6eptSyv0/view?usp=sharing
bd6b5925-a143-48d4-982f-71e2fdcc3d64,https://drive.google.com/file/d/1Ind73ipTlyEdSpLYsjwUj8Bq7gUezr3u/view?usp=sharing
bd80209d-8366-4c42-8ac9-db33af909286,https://drive.google.com/file/d/1NsqKUvePxF_EWXbh82zUsIUmmz9uFfuh/view?usp=sharing
c06b1bdf-3722-438a-9812-7a562edf1326,https://drive.google.com/file/d/1YZD8Vk4mSdkuPKLEtbqbbiICqOEDg-cC/view?usp=sharing
c0f4bfdf-059b-4c2c-997d-0f1e5bc1d3a1,https://drive.google.com/file/d/1AgzwF8oUG_Sg5WTBWAV0EAIpgNwHCRXv/view?usp=sharing
c1509994-2c86-4dcd-82ca-26d2bad18f89,https://drive.google.com/file/d/1bZ58ZOscu8DjqGkbBs8HVP80qklngiBZ/view?usp=sharing
c2076b58-3d51-4300-b89d-47904812a465,https://drive.google.com/file/d/1MOV3FWtDOJ_O2YiDP15_DEt7g2VtS_Yy/view?usp=sharing
c2b6ab6d-7024-46c7-9ccf-19c8189d8b46,https://drive.google.com/file/d/1MxLLW3pOUqtYA8qrAEsOqwkL3XlT136o/view?usp=sharing
c2b83e2c-e9da-4606-8797-535e73944582,https://drive.google.com/file/d/19Rh_2XYBYqjU1ZksOAEh65XfkiA8Ew8z/view?usp=sharing
c3a7a7de-db5b-4b30-b9f9-7acf4be1c52b,https://drive.google.com/file/d/1xYYrnmF0-D5S_3wD4sNLpjrO5qFgjCdt/view?usp=sharing
c3ca174b-24fe-4241-858f-746376a29e36,https://drive.google.com/file/d/1bBaWRtWVQ4ywTqfWvv9RLlhdQ9aoOusn/view?usp=sharing
c4458f06-d994-4c25-ac05-6f15bd17d607,https://drive.google.com/file/d/1sJSSXlKXwYngySSkFk0l0WSTvMzQDcgf/view?usp=sharing
c54b028e-25ce-43fc-a256-f733c0af34d2,https://drive.google.com/file/d/1yh8NpY5mGILvmB_lrrsQakQZWeDjt6ir/view?usp=sharing.    -        https://drive.google.com/file/d/1wE61Zedth8uxjCOvA7JScBvJjxz3V8FX/view?usp=sharing
c5510858-0b77-4ea1-af0c-721abc389044,https://drive.google.com/file/d/1kF2wIKRFO6bqeYr8XcZvmBW4xQT3Ryns/view?usp=sharing
c6bf35a3-8c69-420e-a16d-04dff8e50124,https://drive.google.com/file/d/13JxsypgcChcn5XC6NLFMvUh7vtZJ5W8R/view?usp=drive_link
c7cc14ed-9c43-43a9-9f38-127d30dd0d78,https://drive.google.com/file/d/1pUTSbl16-gsg7_nAOkabUevbexqcPz7i/view?usp=drive_link
c7d3d7e5-6bf6-4dbf-95f0-567c7dd37f27,https://drive.google.com/file/d/1ZqZcHHec4KYoTIWi2WKO2O51Lx20L75C/view?usp=sharing
c9b96308-5ec5-437d-b7d5-d6ff09b1744a,https://drive.google.com/file/d/1oFpzg6JgP1jrQHIdDTJH4_ON4SVNLuw_/view?usp=sharing
cc916b31-713a-4c1e-af75-3868c217db28,https://drive.google.com/file/d/1ACGEV9AMdBWMhGc7I79SSJf2nQxIhTYH/view?usp=sharing
cc9ddbae-39cc-4c0b-a407-dd4fc0a43859,https://drive.google.com/file/d/1oxBSnGtaWSwz42oUaWA3R2rT8UlNV-3f/view?usp=sharing
cced9ab9-1a38-4f5d-8a6e-d7457a69d2e2,https://drive.google.com/file/d/1NzOk8xXUvHZenaOhn7WLExIbWpyxs-MJ/view?usp=sharing       -        https://drive.google.com/file/d/1LfJlpmuM9n8tpIc7BWgZZgcmf1LscKPO/view?usp=sharing
cd11d0d4-b0d2-44e4-b424-fb0720b2e602,https://drive.google.com/file/d/1h2wPKPcLYGczJwDRLkIs248--k6Fhdgq/view?usp=sharing
cd4ba28e-b803-4f5f-b2a5-7df1b1940c48,https://drive.google.com/file/d/1ODeJlm2vNd-O3LofhXMrzMS_q70ijtFr/view?usp=sharing
cf34df0c-88bf-47bf-ba34-0dd1c6d9541b,https://drive.google.com/file/d/1vo2LX84KUXgZf2tQ20ru5gxS5meFYGBe/view?usp=sharing
cf8fee20-08c6-41be-8019-809e0300328f,https://drive.google.com/file/d/1jC-AigRAJz_acJFiVUAbWrXuYvwKbJHi/view?usp=sharing
d121186d-2a06-426d-871d-599ea79ff86e,https://drive.google.com/file/d/1DyGIs70VSOxxgr67gHRUiumjHQfAodmO/view?usp=sharing    https://drive.google.com/file/d/1ypHzTfnzQVgC2iYdLjweCcw-UsiQAkoa/view?usp=sharing
d31aa804-170e-40a1-b2b3-658a20641575,https://drive.google.com/file/d/1aEEGTUcIfPiT1WUgzZtcbu7jYMxJpviI/view?usp=sharing
d33ce00f-c32e-404a-b952-e0976edf433b,https://drive.google.com/file/d/1psTEMlD1G5YKi4KEQzETTycbRVmjmdIP/view?usp=sharing
d4b60200-db18-4ef0-9d48-081b4a9fb63a,https://drive.google.com/file/d/1IDpgMoWmW8ICTvb5_qxXHMW_QwX4lA_r/view?usp=sharing
d4f4a69e-b4a0-4be0-b755-917a22498c60,https://drive.google.com/file/d/13fzoRfzp1AunRg9O_a5uuQHrS9UVsUR-/view?usp=sharing
d586a45d-3107-4374-96ff-fe1acb465f07,https://drive.google.com/file/d/1Fqp5VWn2c-Tgge-6eHvPwsFFn8yk-i73/view?usp=sharing
d6745df7-e8b3-4bfe-b41f-7def3ebd2374,https://drive.google.com/file/d/1lwmFl_bH57y1tWQuFfesjcNjqteiI14w/view?usp=sharing.    -     https://drive.google.com/file/d/1PT1KZSu7C9KJ599eAdpXZ5_vd2YQ7UD9/view?usp=sharing
d6fc6725-9c72-45e4-8837-1bb3f8ecb667,https://drive.google.com/file/d/1Hfoy8kLms8jJiMrP5Cd8qPuQsLwG1vMf/view?usp=sharing
d91a15e7-1a45-4fce-89f9-e6a622894a55,https://docs.google.com/document/d/1CzyHDIJNJEX8TRgl8UiVSShVW9f_adOeDt3VsCZ0VyY/edit?usp=sharing
da2d85b0-3a69-4ba3-b9f7-d3a13e799aaf,https://docs.google.com/document/d/1jLSQ6gzMatnuHco4HGt1yxAlPOe9aEcDyV6XjgSMToE/edit?usp=sharing
da454292-273e-46fe-8319-7beeb550e232,https://drive.google.com/file/d/1JV57KTgCCdz_7k9SfAfJGtEjPzjsjh6h/view?usp=sharing
dabfb571-c5ba-4a5a-a39a-503548bbae2d,https://drive.google.com/file/d/11tnoYj9iuPVvhhH30sGOwObktKTjbDLJ/view?usp=sharing
db513600-9bb9-4094-ab8b-9caf93c3b096,https://drive.google.com/file/d/13Z8CucaZSGZ_HRJ4rQrmrunmhy1Zi1cE/view?usp=sharing
dbcfadfa-005c-4807-af50-cf2c8356115f,https://drive.google.com/file/d/1EGONV8BKoc9bKv8EkjtzrDDsschSMZRa/view?usp=sharing
dc300efe-a0ae-41e7-b4dc-709fccb608c6,https://drive.google.com/file/d/1IBKb7o_f-N7VNVzGfGqp_Wvr3DaBY5z2/view?usp=drive_link
dc85f583-6ed4-477c-813c-9b7ad4814204,https://drive.google.com/file/d/1OxZ4lRIqbauiV6J2fT1y0-FiZJLhFJo6/view?usp=sharing
dc8faab0-1081-4b59-91cc-21b9aec2d76a,https://drive.google.com/file/d/1Lm4wB6PJJAiDo4t1qQ7c3KcBVVghQhlN/view?usp=sharing
ddaa84ed-3f04-4ed2-a159-5728affa34f3,https://drive.google.com/file/d/1NctHDfcpN2y7FjBK9RL33BJAqBAymMoR/view?usp=sharing
de6c5181-dd46-4d58-b81f-1b10dd361393,https://drive.google.com/file/d/1aRuVZsVy7HAoxNlwEzKq9xhggqsmrU6h/view?usp=sharing
def0c46d-370b-4cf2-ae85-e3e3d82850fe,https://drive.google.com/file/d/1BWwz_9CwQKTBuLl4pVvZkYD-090LLoin/view?usp=sharing
def72a01-d8ac-4322-ad0b-2db90ee53f2d,https://docs.google.com/document/d/1QEik-NNzme28j6z4ENMSQS-WQO_6Leez0dMQq6xJbQw/edit?usp=sharing
df1e117d-4f74-438a-94c4-416d1952e997,https://drive.google.com/file/d/1ar8frso1_4IXGuKT8jsm-noDSOS4TrVC/view?usp=sharing
df7106d7-b7f3-43c8-8c0c-d8f3e9838d76,https://drive.google.com/file/d/1gCkLazP3NoVH3BHVxPn-xZ7ztsvlHnvI/view?usp=sharing   https://drive.google.com/file/d/1kdrqj3c2q9ZJG8EsByyRPQgjtQ2ljz2q/view?usp=sharing   https://drive.google.com/file/d/15LuKWVSAa3hyJXSHHD1-wzboHMFbRikU/view?usp=sharing
e0650d4f-41a0-44eb-b5df-fe9c2ecd92e1,https://drive.google.com/file/d/10gzYHvZmXnEFeZre2Bpv5BeG0sLuHfmi/view?usp=sharing
e0b1ac7a-e6a5-4886-96cd-075ba23fdea8,https://drive.google.com/file/d/1B4SDIjUt1sCo0IS3kNR7OfF7RFmXVwOw/view?usp=sharing
e5ced804-f248-498b-a207-c07cb55de2a6,https://drive.google.com/file/d/11hJsf96uG713rjmxJekKGVTeZFW6aJMb/view?usp=sharing
e7f15c63-d081-4f30-b886-f303ca2145e0,https://drive.google.com/file/d/1c-UWj5N6v-zWWj6Iy0EjKFKg7CdS4YIh/view?usp=sharing
e81ac646-9caa-4096-8fd2-e54949a7484f,https://drive.google.com/file/d/1GFny3dCed9YBa-EOtfwK9tein1gTLta7/view?usp=sharing
e866062f-ee25-47b2-b63f-e79248301555,https://drive.google.com/file/d/1X_bwJCTxV6Hvs6_g_2wJAzxH6D022YeN/view?usp=sharing
e9036f0c-a377-4ce2-9347-9ecf3a8f4c2d,https://drive.google.com/file/d/1ZOSG0bbglDvuwirIu9PQWiej1s2PDxBU/view?usp=sharing   https://drive.google.com/file/d/16ovRY47UkqAU7TUYs-F-XcQ3uosqqEy0/view?usp=sharing
e99bb34f-7180-4d69-97c9-13bc2811f6b4,https://drive.google.com/file/d/1L3LjVZfGnfGT8wMD466ZwzgPDU5QHa-A/view?usp=sharing
e9e8949e-899b-4576-b4b8-5c9910f666d7,https://drive.google.com/file/d/1aCWvs3iJzAhH5IPUFzR_3xL6L2yv3Qlp/view?usp=sharing
ebf96163-c841-4d55-b552-2143bc35625e,https://drive.google.com/file/d/16M6B_te1uv44G0c7NnJoPPPo4M-7Q_gG/view?usp=sharing
ed5b65fe-79c1-4941-93ad-7460e9145512,https://drive.google.com/file/d/1TggM4J2Ob3j3iHXvLszQD3UGFnl5YGHh/view?usp=sharing
ee3b82ff-8beb-448f-b727-d2a79fb02755,https://drive.google.com/file/d/1WhfX73SbgQ62AJJMNE6guv8Ejads-2Y6/view?usp=sharing
ee6958cd-9e8c-4f8a-8da2-d53af046b8c5,https://drive.google.com/file/d/1YMAaK8wHycEOPGnmPK1jNaOS_B3ozWhR/view?usp=sharing
ef59480a-011b-4d3f-9313-afeace2ee2cd,https://drive.google.com/file/d/1BI95oRUzbLq_pEE028M9EgePk4oZuBva/view?usp=sharing
f008da21-a2a7-4d3e-81ed-b32f8d0ebc79,https://drive.google.com/file/d/1Y6t1mvZT62D4I2FkcHtJTyZOi6qsQIMd/view?usp=sharing
f0843d11-148c-4705-8022-0d11f9a9f929,https://docs.google.com/document/d/1wuxvqw3GUJnwhEBOuD8-1PJRyWFqkntgSyT_PdvA67E/edit?usp=sharing
f0881554-5faa-4fe1-ae99-87df97edf2ff,https://drive.google.com/file/d/1PFILJkARu6P5ZU9kBSmU0UhO-__ConRg/view?usp=sharing
f0b9c984-a33b-4b14-886a-eaf0c267c691,https://drive.google.com/file/d/1Lm4wB6PJJAiDo4t1qQ7c3KcBVVghQhlN/view?usp=sharing
f257d074-65dd-412e-bcc7-b90a1d97550e,https://drive.google.com/file/d/1Gb4WZfDy9GQ4BmJXatLEWRETHSa-64BI/view?usp=sharing
f3230491-77d0-4ee6-ad92-a84d5d897eb1,https://drive.google.com/file/d/1bVwqJdAkZYQFKZGqmSZfdvATQyP0JmOP/view?usp=sharing
f3234c3c-a29b-4d10-bea7-645a02d3550a,https://drive.google.com/file/d/1-LRdLozKmy4bqLK7fbnpDH1UVJCa80ET/view?usp=sharing
f3ac834e-f170-4c85-8d27-247a8b9c8960,https://drive.google.com/file/d/1jP62I3dcXjOFE-3vBHa77P7dzsAHr47n/view?usp=sharing
f51c8e8d-9429-4114-8cd0-1d67edcda244,https://drive.google.com/file/d/1F6IwyukTlbvs3TZv51GmAqwMpYqFUuk5/view?usp=drive_link
f6258858-4715-4707-908f-fc71286785b8,https://drive.google.com/file/d/1Ri54pmWO_jmWevVNXmKejHwCXzFBl-zG/view?usp=sharing
f64afd26-0cd4-454a-8b40-45fe0f69934a,https://docs.google.com/document/d/1VFk7ZL96fzTSsTK9w4ZCFeJECoCMX_tqajO-Eaae-sY/edit?usp=sharing
f73907d1-6836-4f94-9b58-fbc445fcb720,https://drive.google.com/file/d/1oXfnsqJjiEE6-Os9I57wiIm8BScklgil/view?usp=sharing
f9b0c242-b4e0-41eb-9b3b-fc84724d20db,https://drive.google.com/file/d/1Zp6vjED6iwM42vnTBlZpaqZDOJNhaB-1/view?usp=sharing
fa5affa2-910d-4579-823d-429e551a5fb6,https://docs.google.com/document/d/11MBF581B3rpZLtZN-0XSjCJEh4cabtoF7EuGtNrHp-E/edit?usp=sharing
fa82166b-dab2-43b9-b18b-7e0311e0a3c3,https://drive.google.com/file/d/19dwSChC0ndRUJmDyclFmQb6ChAf3-wNN/view?usp=sharing
fb99d022-9b35-425a-af97-0ac4f2b8715b,https://drive.google.com/file/d/1tMzGyRv3l_Lopl7flaKId8aFl6OTdc58/view?usp=sharing
fbfcb054-ffce-405d-a89a-3949389a7db4,https://drive.google.com/file/d/1UEm1AR8PHcezr1bXhOsVrb2XkS7w2BIR/view?usp=sharing
fc959da0-56cf-4f91-b99c-713715d27cad,https://drive.google.com/file/d/1Y5IFbcJzPbayGt8a73gUuhHI-ash9XNK/view?usp=sharing
fee2cd1a-f18e-4589-91c4-2b14ec60f893,https://drive.google.com/file/d/1wk1l05bT7w6yu4Osa7sSUnBog6TGhB65/view?usp=sharing
ff464639-697e-4415-bfe1-9612b3081fa3,https://drive.google.com/file/d/1bsmEGmAerC6ZyXu8tj3Bdr-w8hreQ45Q/view?usp=sharing
ff612157-913b-4f5f-ad1a-1fe30ad828ee,https://drive.google.com/file/d/1R8K7AxNj5w5WnFP6hjPcym0kD-Gs5oK6/view?usp=sharing