legacy_id,link_llamada
00e6896e-1e38-46b7-9b66-13dcc6e2693d,no hay
01e89562-ddfa-4c4c-a300-efde69a41a47,https://fathom.video/share/Fk_c-_wmFsEr_QZLsgyV5RCJEFBSh7JT
0255e342-bb9c-4549-a288-f1c6de5c5547,https://fathom.video/share/yuq7kfZjzqYimy_ks1xxzPt2MUHtkZqs
031ab998-d14b-4fc7-88b5-f9acd3f8627e,https://fathom.video/share/fbijGgCR_LPqzML43yrhVjFMf_67xznL
036d988b-3b85-4fcb-a2ad-80bdcad9d623,https://fathom.video/share/W3wsA4cbv5YxdSyyAzerQB_fP4eYa6C3
0374b0ab-3c66-4ed9-a82a-be9046573671,https://fathom.video/share/p3BuzrqbF5RDzufP2eEQUoXWqD1-QhX6
03cf74bb-b2e3-4625-b402-17659cf25940,https://fathom.video/share/xXMr1_dyeyBWp_LrYmbnsqXzBPsziwcV
03fe0cff-276a-4e20-a05c-adc77ec3e34f,https://fathom.video/share/SKvWFgbmipBm7N63w7ss9NMzVnYX2sEC
0423dd57-a271-4dfd-baec-d1b2ee6530b5,https://fathom.video/share/q2CqxX4nmHfiV7UbfLDgKGmXNWK2hjPy
0607dee4-94e9-4291-a05f-3fa9431bace0,https://fathom.video/share/NTzLvmRmpJzqqfLAeZss8sEh3kHvk9B8
06803b4f-5439-4245-9345-43433ce3ecef,https://fathom.video/share/xmEr8y9hMqnSDrdR5_SmxcS79BCoZmvo
06e68888-133d-42be-994a-b64f5142352e,"no hay "
072c91fe-6cba-4a86-9931-8d81b6bfba56,no hubo call
073fbffd-06ba-42e4-928a-e2e5bb39d6da,https://fathom.video/share/NJsfUWwTy4sB1q2LsnJ2hBDaSja8tXPG
08df79c3-c58a-453a-9345-5749a84128b4,https://fathom.video/share/1WYQKQrzzXsn6rrgPs_CTy3SzZxBybF-
0a0161a5-6ac7-423f-8356-d3a90b3f80de,https://fathom.video/share/Gy1FKjxDK6NGxe1BoZ79WxzxAx7C7yJk
0a323550-659c-44be-baeb-6058d413b825,https://fathom.video/share/RadbepDpRNLxkQNFLbNB2Adx8uCRoXND
0aad4bda-de0f-4323-9787-0f52d44dec6d,https://fathom.video/share/pWH6dHxrGyeteHpsqx1LVR9xQdm_DSZx
0aebf0ee-703d-4f25-8e8e-328bd816e1ce,https://fathom.video/share/Awcn2CUkHdUrDPAxapnd81atgxzAupz9
0b6ac8b6-f971-45cb-ade9-b131e42a6209,https://fathom.video/share/41SyGwyoiq4d5gzpMWd88PM5xZwUwazf
0b71affb-3e03-4cb3-9c49-c4042b55e936,https://fathom.video/share/dVP4zKqzVMpfo-wxDv6bH4spUPU5Sety
0b887db9-3041-4337-baba-db3b593c2737,https://fathom.video/share/5ffx-AzsoDtmja7WxzgdmXt7sNsyzW-s
0e72dc90-bc51-4f54-876c-b6873a4ec6f8,https://fathom.video/share/MQarBY3jHXLDQNVWxxCvyQsKzmXxdxBn
0f928c93-45b2-42d0-bc2c-0c3d3e54bdfd,https://fathom.video/share/as-n4eNnQ9uDghoLNxLb-BxHHgxPbDqn
103d2b34-6c5c-41dd-9bb5-a63afa6335a8,https://fathom.video/share/sUTwYXSc1Ty_wTo6RS4oyS3Bf5s81_FZ
111f0b31-8a96-4ced-a168-e710a89c1848,https://fathom.video/share/jx1THXEd-ogwkUsenTFnZcPwa5Pdc5xE
1151077b-5508-4edc-ad71-15c6e0123aa0,https://fathom.video/share/NYD2gxWVkLizWeGZUx1izGgRJgjvoxLK
11aa7f03-a8b7-4404-9e50-da581f4f79b0,https://fathom.video/share/iU2gWY4zfsszCD97EzYsvcQ5PQJs4FsP
120f8036-0103-4a67-ab2a-44f774111d48,https://fathom.video/share/MemawAtUsTY4V_JH4zMmYkxxH9b3CzAB
123eb135-905f-462d-a5dc-8f452d1ed93b,https://fathom.video/share/NdbcAHmfyYb7fzUdEsJyeUQKTr6EHM-N
12ce29ce-0540-455a-822b-0f5bad0f25b2,https://fathom.video/share/Zg8uaBzDcKVzBd3waQJ-Ky9jjcSfzyWH
1429fc42-783b-423e-a591-3ed76e014630,https://fathom.video/share/woK5jgLyy-tP1BrczM9s3wqPsxqMf6Fx
14d7c5cf-0857-4dfb-8b3e-86f2ac431e2b,No hubo
164e3ab6-272e-49f3-8206-4210b9c69e93,https://fathom.video/share/ZLoTtp5yGrBFpLZm26A4daDec-yVT_BC
16b12f0b-6eee-4274-ac0d-fb86cb19d420,https://fathom.video/share/VsAXFp9KxgcjipUAzpH-iza8SXieWsts
173755a4-bedd-43ec-882c-27c658b81f78,https://fathom.video/share/yCXM7LNi6zYijBBjbXTys5CHMxRtDMcm
184af4db-79cb-4cc4-86a0-cd079f341751,https://fathom.video/share/uokEyZzzfAJPsiu_sYX9Dwiff4KdxpsL
1959165b-e62b-4908-8f2e-ad13d099f115,https://fathom.video/share/G77syj1JPE26HGsqjnm4rzG7RWvECTLs
1b4e4045-5bfa-4aae-8221-57143bfcd5a1,https://fathom.video/share/hzAaGps6JU7Sv7K33WGqm5s4j3TjWyW8
1ba4ec23-2248-4757-9dfd-50fccef38518,no hubo
1c61004a-e12f-4998-ad8b-b85883ae0ef5,https://fathom.video/share/Xm8gGSUW3oj2SRUuMy8uuGgYzB4rf6Hy
1cc14178-fc0d-4ff7-b3ae-0934385cedb6,https://fathom.video/share/uqxD6dWyD3QyB7wz65o_R5KXHrbdMGEV
1cc17a13-d773-4953-8c23-3f1090bab373,https://fathom.video/share/dNA6yDGVq9EiB774ALCeMT-_QQrb56qD
1e244569-9cde-4f6a-9069-e3a457355804,https://fathom.video/share/RQitupfWWFUDhg7yxsyuYM9B-gsBfFME
1eda1d6f-c489-4eba-a4a8-7e8f83bfc503,https://fathom.video/share/ZPhB7uJsKT-yAokUeUdy42_AjA1gpGfs
1f1558f8-2ed8-453b-937e-5f5b5aa8c2f3,no hay
210bf3f0-bd78-4ccb-bb74-60ba4b387e3f,https://fathom.video/share/LrAZYxRttNohWf3DzJ9AygC3msBpKzA1
2167938a-0221-45f2-aa77-a153d9b8ee16,https://fathom.video/share/reAmhKWWn8zbwQz1yNexQUvZdwxrbdDT
21bd0657-e214-4824-816d-170e3a30ec40,https://fathom.video/share/B8LHsyM1fbf_ysHdVjWwzzV3DDRcCzrc
23dedb5c-8b19-404b-8a0f-6db421203fb8,https://fathom.video/share/m1SKf4NMvHKAGaHmUvut1U5QTidH9GBu
25523157-43ac-47ab-b962-259a10d8b1ba,https://fathom.video/share/Dhun4RgdqfpHVfjxX2pzWTpLj3iV6Eey
25c4a223-60e5-4160-aa32-2abf9f615513,https://fathom.video/share/xKwuE_NutkTtvT5mm9ZEdGdZUoNR--Nx
261f1a13-3fc2-41fc-a426-8db173bd461c,https://fathom.video/share/xCGAsLDh_DX3s6Khv6nwKwMaHqnkCWnZ
262e8e39-b36e-4ea5-9174-3e0dd0229a7c,https://fathom.video/share/kL4Fy_ERacM6JiBCvjKkuA99_5-3JJyM
265420e2-93f2-46c5-8320-f5c14269a6ac,https://fathom.video/share/zc1DotZMw_J-jpjZL7YoxufVapKGUxXH
277cd35a-8a75-4a16-b928-4cf5896f16f8,https://fathom.video/share/6yscMAcLgzk9stD3ccEy1sfTST1XuRtx
27ac0d26-d997-43ab-b674-4eaec0fa5ebc,No hubo
2879fe01-68c6-47f0-928f-cce822c2b940,.
29ccb75f-6fab-461f-baa0-f8dbee10d389,https://fathom.video/share/ozdUiVcxr9ybFLMUM6TigfzZQxVGyYp1
2a321fc0-df99-4f9b-900b-97de7122d9b3,https://fathom.video/share/5CzvuUfM3Sg6z3PTFWofHYG4oLECiQFR
2a77ed6a-a01a-4dd4-a192-aa70e1741e68,https://fathom.video/share/XvJsMPSaWTM2bxhfFfkNyR4M6Yb2XCH9
2b4379ae-6bfc-4a28-990c-73ccfb337f6c,https://fathom.video/share/Tiosbv_-PKhsezpZ2a6DTky9gS8ex9Mq
2b7f4d61-7801-4c7f-9c7d-e64fcdec4cd0,https://fathom.video/share/zUK67W9pwbvcHC3TdLMXDP8JZYJzyNMz
2c42ba03-6493-4c6e-920c-243ef45b047b,https://fathom.video/share/ZWZdPkT19rmSxtvtM-2m35QzyHSsrQ9L
2cbcdf89-29f6-4e60-b834-15dc66c02cb9,https://fathom.video/share/cu5g4z41bzxNJvWsBDo2nHxYthMzUzJr
2dca3166-b815-4c0c-b201-45e87c080993,https://fathom.video/share/y-77fvWpQBaKyJ4MaSCfJZX9s9xFnnJE
2faa53b5-e5bd-4d63-a088-e77db1b03af5,https://fathom.video/share/5RwBWeh7prXLSPR2KaTzvPQfvsUmXZCn
302f5492-7743-41ff-855f-eb4aea92db9f,https://fathom.video/share/kF2v3f7sJV_xpR_ciyBtin6s1uTSHvsr
3056f5ed-4dac-419e-8f18-6739004c88a3,https://fathom.video/share/n7HFuPNDDmJMAm9RGJdmGy7EXJCHzzPd
308e4a71-be38-45ba-be3e-e3f991bcdae2,https://fathom.video/share/ydKAeKdhbVoy8Hz68Zk5C9yhvXAVhwX4
30a1058f-f5be-438d-9c71-7802440b94f1,https://fathom.video/share/qDwxakgovXdCVntj7PAPCzZ5vVK9sLZM
320e5bee-cfd6-43df-b5d9-e32cab49a3c1,https://fathom.video/share/AKnq6xFuzHtvpd9ZFxN_xkfQgXj6UtKr
332547e3-bd42-4576-8141-57ed80abdcd2,https://fathom.video/share/KYjdM_sHdrxVzWScz19wdsvKbRYdx8k5
34f8c8cf-f286-443c-90ce-e6ea9d3bf1ae,https://fathom.video/share/Rzo4x_2uJzzV2P2Grr9SryihBvdzGhdd
362fdf0b-67f4-48fd-9898-5604cc93cb1d,https://fathom.video/share/N_p4dvMg7imVqTXdu2HDqcs3K-D3KQEy
36834a30-49c2-4f90-8464-007f5519a92f,https://fathom.video/share/wnzTZ2PMg1jKppoCQawdyp9TBAsTHgzY
368bbf11-2a19-481f-8a69-98fbfe8046c8,https://fathom.video/share/pzguaX4At7rsD9pWy-qW-xAudLKgxqw9
3754888f-7528-4e1b-bd28-448576ebf8c8,https://fathom.video/share/xayM6Rz-bQnxpMzGhrRKD-etNsHTBf2-
3840bfa8-a8af-4c5b-9fa2-02bccc929972,https://fathom.video/share/cUx4ipVY1WMfMmYz9yhgM511MDSy7387
392cf62f-0c4b-4377-9c36-dd6d5ce1fe08,https://fathom.video/share/YAx1eYjzsoQvGxux9zQwhayRs3Dz3PtD
39456dee-d453-4451-a1b3-9c1200489fa0,No hubo
3a318101-1a3c-4a2d-bd91-bf57b9fcb4a7,https://fathom.video/share/7VZFoHQo-SnN3xTnxaXwycwFiy_BGbZ9
3b211644-96b3-4f0b-8f7f-209f7d7561c6,cerrado por wpp
3b55f686-18a2-4cce-82f9-7e1b8c567168,https://fathom.video/share/dsfCLMcxg4DNkf-cRNnT2dsAam84DrsK
3d27dcae-7597-446d-a805-9c9eb7875687,https://fathom.video/share/yNPAvQm9cjSu4pN72vmeSRq7QXaaWV4n
3f0fae75-54f7-4995-bccc-5eca975c4ed2,https://fathom.video/share/RrfxM3aXwy7hCtTW2w547b3sVV4T6C-U
401c39b3-d359-46e6-87a6-abf417658c09,https://fathom.video/share/BnRzKfBRbbg9CLjz2gMm57LqQye8DvKb
40c35961-3df0-44e4-83ba-c4e1eeadd016,https://fathom.video/share/po95WcLgCncn4k75FHNK-As-4NzyGDxf
40de1fa6-4e4c-41fd-b91c-3eb87a03c8bd,https://fathom.video/share/_yspdMQFpZoK5yNsNGe3_DNfYovmYcbr
434245dc-a6db-4bff-8915-640b54378f2a,https://fathom.video/share/zST57Ss7yHkSuo3PByqCqCp12SaL4or7
43481c37-29c0-4d33-8e2a-bc5ad02bf017,https://fathom.video/share/kdBoRnnk1vzN--nGM5c1KWrnPL85DEWa
43e0289c-d6ac-410d-a9b2-f4316fbadf69,https://fathom.video/share/CepX1kh27oiW3QYbbuzvksSaD2yCUzQX
43f71aa4-83f1-4765-8d6e-94cb638c2cb1,https://fathom.video/share/w4DStvzEzExSyz24ZWHsdo8hT28UmY7N
445edeab-eefd-4d77-8268-f6e5ee375c9e,https://fathom.video/share/mAzyJhLcbdztdtmD_RQN6LfZzPKJzQD8
446b767d-d059-48a7-9dc3-e7c714922b19,https://fathom.video/share/ihbV2u_APFxRYLp-U-y3cypWaJrEuzzc
448b0ee6-3699-4fd4-a774-c00d5482270a,No hubo
45e6821a-8d60-4503-95ab-4ab091a8a6ce,https://fathom.video/share/f4czcJDvxyBSj9zTw8rHawFh42GWR5WL
460b746a-3782-4f50-b235-fe614a43510b,https://fathom.video/share/QRs6pzreECTP236suCbG_zPZzFWsotox
4655db82-5845-4fe4-b611-b6f72874ad0a,https://fathom.video/share/A9cP6xLELin66DRigW5xzphZuhix87tv
467511ca-8204-4b11-9c3f-6ccb694d9d89,No hubo
46922ae8-1539-4995-9ca4-f8138868f9ae,https://fathom.video/share/_hzWss8jFzpzp5K_A8zk-4cRQY2ZY6_6
46d4263e-6fe2-445f-bd9a-0cef48ba13cf,https://fathom.video/share/BpH3bHrnx-g7ekAbRHeNdp85sF_Erzkc
46d84e6d-752e-48aa-8003-ca6866520666,https://fathom.video/share/JpZXFuX9MmSPTx64xsP2hjbvgArKVnpT
488777e7-2a8a-4d8c-a24f-d6b8f79c8476,https://fathom.video/share/aQ3CdYpxiKJ_UyA8UdCRdxzzZmfEVyP_
48c9f583-3b8f-4591-acab-8bcfe469b58b,https://fathom.video/share/1sWdsPxzMSGp-Jkc_zWSK3Z88WYqC5s-
48db4548-b67b-4390-aa33-d9a215ee705e,https://fathom.video/share/84sCRmxSA3GQf5stw8txgTSrrxXsMARg
48ff6b0f-f05a-496c-aae4-4806221100f6,https://fathom.video/share/zxhAxvCYnQT1_F5BkWNZrzh2k-6wByFT
4a0d4fa6-eb05-4f11-955a-12b73d63076c,https://fathom.video/share/BjHLottHu6YqmFtYgkEmy1sb7PnZRraP
4af17162-bc3a-4c09-91dc-a2899313db0c,https://fathom.video/share/3nkxWR8JrAgNxkJgbyf9bkUHpa8WD32V
4af702ab-64d9-4669-b737-4f403e226558,https://fathom.video/share/y9hshVyWyQr2mmig_vADSCKRYbgzdiAC
4b9458a6-ef87-46ea-bb02-883617523631,https://fathom.video/share/SKG4nuykHhokyMJdQSLNNQ217hqyx8zJ
4b9f28cc-a704-44a4-8fd7-994107129ce7,https://fathom.video/share/2abSuMv3yRuheS2KrzH97y2ffy_aJmPv
4c3a3b81-9733-4b45-9254-ce5a6249b49e,https://fathom.video/share/Xsz3hgt-JpKqcycEZQrLXj5-NTM2z2x-
4c43b2ae-1c03-4eb0-b8c8-f523373ba204,https://fathom.video/share/Rb7pg3JVeEEL-2DYeN5SkcHcKpV51Frf
4d0ea7dd-2a53-46d3-8019-766952505b7a,https://fathom.video/share/tFECDo6zGqkTsHq-Ev8r3ADRUVusWsjs
4e59350d-7245-45e0-8497-335ed88ecb89,https://fathom.video/share/1ybsJVTdpqxzMhejMcjcFc926ZzKySsP
4f65ff3c-1574-4eb9-9637-326cdd15d1d1,https://fathom.video/share/yxyckuBJB-N85gWzMq4zRqAsKxepTPrQ
4f71bfbd-28ea-4efe-8eca-d0ccc60c3779,https://fathom.video/share/LNqxfupDPNwQKsE5rTcPc-JJbWp_JWNr
5013f3b9-1401-499d-8f6b-0152cf58d924,https://fathom.video/share/zxhAxvCYnQT1_F5BkWNZrzh2k-6wByFT
50399e34-9a34-4e0b-a65d-05893ff1a2f8,https://fathom.video/share/-CZirTV_MHYE7kEdKdjUxLrWyzzKyR65
50630d84-ebeb-4f32-9d12-79a57e168842,https://fathom.video/share/MPtQfzR6q-ST9QoMsEv83tFzmYYZbHcs
52531e07-14b6-4da4-8824-711b23ce4d42,https://fathom.video/share/hYGK-UkPb53FnbTTFs-2ya_gUxaC86bQ
527b9f07-7bc0-41f4-8ea6-d26b5796fd2f,"https://fathom.video/share/63qMHmexgo86gKqy2TBgn87c12BetRfu
https://fathom.video/share/6Te2qX8siyKygNVkuqydEdSEwRJ6UJ-Z"
52c9e1f4-8162-4ba2-b500-80562d916970,https://fathom.video/share/VSvSnY-9xAsSd9H1toeZTjzrCFRnxzbC
537a1141-c75a-433e-9a05-ef09c031053f,no hay
5397fefd-42b0-4b63-8d51-ff1d7662b080,https://fathom.video/share/7znuB-DHoAx_MHgWV7yYdyf84rrwaZxK
53d9ffe1-6ede-4e8e-972b-9c9fadc30324,https://fathom.video/share/xfx8Mb4aGLTjZwCn5iJBh8F9vTLiYy3y
5495e3dd-5b49-4fe8-9a07-ff1ed827db17,https://fathom.video/share/AFiuLxrW3_YPzHSbBL4TodJHEr3mcGaW
54c9b39b-8fc3-4045-a529-529c301137d8,https://fathom.video/share/CZCrNoLH_ZpZjDbY9D4QBNw_grtACfMs
5515c333-e4df-4c3f-bc01-6bcf41c1a262,https://fathom.video/share/MsusT_QrVzHZxdysx3eZuh-BjwzjUB_x
557eb91b-54a1-477c-9e4d-18d51afe9ca9,https://fathom.video/share/xirUT9yXW8wzzjnU_tYgEDA-zhy9B4Zs
56d5e61e-08e5-4649-9d2a-4d0f66149d60,https://fathom.video/share/Yq37P1qyzx8KHNayfgLszgoic9SsSs8a
56e66ba1-d629-413c-a1e8-993290289f83,https://fathom.video/share/s3rxxTX4vyPe9G8PxUxXsRLzJyZfyG7W
57302468-ce32-47b2-956d-0a45fe45775c,https://fathom.video/share/VedPRDxNjHnuYWL15dQDxW3dCU2zMKvc
57b4f07d-e123-4f86-ad40-1eeb53340293,https://fathom.video/share/3j8HwbwPCUd6zhGWQtZVR6aSWjPRegsd
59fa07c5-3554-46e5-87bd-ab0e8c6bfd18,https://fathom.video/share/h8-HytWtPgJT1KwPxuNK_j3g7kf_b6MX
5acc30d9-bd75-4365-8d60-89bbfa4e8c5b,https://fathom.video/share/u2P69ksJQzUTWKmwxhZepoPXmLYqRQkz
5bcf403e-6302-4d95-bb5e-e5df51a1f0d9,https://fathom.video/share/1rNeS2GXjTnjABxnoU6Q3CF79e3crWd_
5bdf0533-2a63-47c1-a905-75e5a3e985e7,https://fathom.video/share/os252R5nMxos-bssugmszkjfgroGzQcc
5cb136d2-d4bd-4bca-bc9b-afca10be7351,https://drive.google.com/file/d/1hQJpXh23IzbJr19iCp49cXwHIBphWZh7/view?usp=sharing
5d174b85-25f7-4de2-b4cd-2cbea866087b,https://fathom.video/share/KVDECLmW5461XcPK74wfqo3LzcZ7XSLF
5e53c21c-0c74-4397-abd1-91ba4ac32c03,https://fathom.video/share/JMizwQmmD-NY3g_naJnt_jm8Fs4miSj_
5f426715-7752-4b88-9e42-a3ee7bf4afc8,https://fathom.video/share/pk7GozRYPTk4vDZsb6srTqVeRyUMGC5X
5fab2e6a-1340-4e80-8fdd-ff3b5eac866d,https://fathom.video/share/yG1MKBzbkLs_tdpGDcG-szxWeFc4Si5t
5fc25520-c923-43e6-8cbb-c916f2dcbdab,https://fathom.video/share/v7UJFJ-h_YB2an7oPQJxXxweh7VPo1f9
600d1a7a-fe00-4d49-be74-789403c8a83d,https://fathom.video/share/vPrxafhzS_4xH_CxMR5_o8v5xzBzY-XL
60a2bee6-b795-4fc6-ac4b-564dc321faa0,https://fathom.video/share/Ud-YxuyA8HQJSWsxqnaPh6KntNNGagyx
61db3ca9-35e6-44ff-954a-b7c326b19a62,https://fathom.video/share/xgoegCUxgVSnBCWKZMT_m5cDVnsX6Rb6
621602c9-5df7-46e6-8206-4dfd44702260,https://fathom.video/share/7VL8GVNmp5x-sPwGHAs_S2Yz_hXG-24Z
623d06d7-032a-4528-902f-722a770d32f6,https://fathom.video/share/hhob3gtBEA67zaneYoatq_1_YCP7z2X_
63479b69-d109-43ef-a217-a64d8047504b,No hubo
651fd395-0067-4abb-9918-6bbc16cfd301,https://fathom.video/share/CyatAWPDQKcSNt5yPzm_T1NFm6ko7Ykd
65606986-c59d-4c70-b926-610aac352dc8,https://fathom.video/share/4VAL3wJKECFq32X1HK5Mz7td7MyENJsG
6609f075-eebd-432d-918f-c7b9b0e47398,https://fathom.video/share/5hQd_HCPxX8zcdSfQacs_2tQZ5rxgLMG
6709333a-6f06-4e55-950d-aec8eafcacf4,https://fathom.video/share/ih81pu8MdAsg5twTBo5y6m4w8iXcPM-A
672b10b4-05e8-41db-94bc-e4048a9714a3,https://fathom.video/share/Sj_P7YorjFDKa5FMekxhGDrzPC9b_25z
67427c9c-c3b0-4ad9-a60b-ba482ae1bbca,No hubo
67bf07e7-f842-4078-bd17-f8e6bbb99976,https://fathom.video/share/Co-gDz3xSpMGCnZ6s_bcYwzXvqXCX5Ri
67f3bce5-071f-45fc-a6ee-77a435b26ff7,https://fathom.video/share/3r5vBLCApS14Jw9r5Ztg6gz5nYedG4kg
68bcf65c-c1b1-47c1-a005-aa6adb3495cd,https://fathom.video/share/cv7aMEgGPHVzZCHzg3hy38xb9Rwy8jMh
6923b8b4-67ca-4dcd-a9af-c58d2707b5f7,https://fathom.video/share/ydVAME9ynWH9cQXFB5HwyGhmq9ue5Z4B
6a45f5da-54df-4ae4-8433-25e327fdc80b,https://fathom.video/share/h2E8K17My-MsAmx9FJYfyc_jynt_R-E9
6aef6d12-5c77-491b-9cbf-cab3c06ebcbf,https://fathom.video/share/MyC-6DEzf58knDfqaWrkWNwyzyr2o88S
6d86a41f-9a39-49e9-826e-0bb60acdcc02,https://fathom.video/share/fXhh63uD9SX-LHMk6wGM72oDaGYzAURD
6e3e318a-cdf7-4f85-9df3-3ed81bfc9355,https://fathom.video/share/bRGLZnbVdS8Pmzub4TR3xPk8V3KLrCuz
6e89f5ea-75c2-499a-9edd-497e496b7d28,https://fathom.video/share/pn_zK_cunT3cEvrFx63zrpDnzRhj9MGy
6f3fb541-8386-42bd-a25e-4ade954e6ea1,https://fathom.video/share/aDaRLBcFgkyQQAdtNzNq3heUGbT4S1zD
6fab16ca-2003-4cf4-9b2c-3c8181dd5166,https://fathom.video/share/FJ_1Pf1zbLwiNi-xgB4otwAgoLVtm2CG
71fd3e72-6ab9-4c5f-adc3-79235aed6da0,https://fathom.video/share/zAUrokx_jNWz9PgYcsZmx-bG55g7zzqy
72739134-0e76-4ae4-afd5-daf6921a1e14,no hubo call.
7449d76f-9980-44f4-b373-437800c6dee9,https://fathom.video/share/vPAZXAng8JEDeXg4eHT7XdBF_zpXJyrz
75072750-c402-4d7e-8d78-01b80406cfb7,https://fathom.video/share/4zHUSq21UhhHykwrCLseYUEuXKDsMPaF
7581e0c8-be02-4db1-8e09-35a336997b4d,No hubo
75b5f3cd-fb5c-41f8-b224-00da23f402cf,no hay
76c66ad4-44fa-4531-8e54-3641dedc9600,https://fathom.video/share/cR_SAC9rWrTJAAM6pzsWdaD8NuVT4Z-D
770a9325-62cf-414a-a2b3-4d732fd2b82e,https://fathom.video/share/F7jkNzqQysUFnsmV_V1U1UtmxV-TbWT6
779d212f-a206-4d86-a543-d456c7e684cb,https://fathom.video/share/WZZshQYjsDpVPtgjt6craLEfmfN_yH6C
782616e4-d976-4cd6-9971-79fc9fd96b62,https://fathom.video/share/K8yJTLnWhvvxzmLQzvvBo8jiw53yW3Fw
78407155-4d53-4880-a188-c546ba397d89,https://fathom.video/share/sZUCNz_3kLKr6RKqJjzC86cBncGHyWHq
78b094c3-76c3-4bf8-bebd-7f0d8251abc0,https://fathom.video/share/Ajy5oV4tjkzuWDfsgSsL_6Br5fsscxQs
78b8550b-e0bf-488a-a414-3a046d2c7cdc,https://fathom.video/share/zJ7BDWdoH2MJU1xsPVj7V-7KGuxUAq-C
7914e12b-5054-4296-b0b2-d291d414fce7,https://fathom.video/share/xrWvmxKSXdzhoCmr8gUrjdNX9yN6sUKS
79ce311d-be63-47d4-bbac-d7a731fe92fb,https://fathom.video/share/2BDstqKP7mktSv6KtXewQuva6xnshs3d
7a34b6f9-7a5a-4e44-9ef3-392cc39fe4ae,https://fathom.video/share/y6VP922HmoexE919Me1VXmCPWcMwmtV3
7abc4e8e-19cc-4e6e-a776-b8db6da8a3c3,no show
7c1fc038-6bc8-438c-ae95-dc2e719dc020,https://fathom.video/share/JdTASzssjJMMTVL2pEj6jiz6qz6-5y_H
7cc9ebcc-bb08-4699-a0bd-1043fcdddff4,https://fathom.video/share/6B-dYdiuyGSsmPGryj-AvtbM9XiH7HZw
7dcdca54-77c8-49a1-9167-3df0f9424616,https://fathom.video/share/hqNdnvozVxLsxvCigqWyUU3nULfCZX_X
7df5ca04-a3ff-4698-96dc-c8d6af67a160,https://fathom.video/share/mzBvpauXn1nfs5tNiQM6KZw5nXnZ1Qmx
7e1151ed-9eba-4224-8eca-ca5088e2db45,https://fathom.video/share/z6yXk2bbW3xwFLmspyp7FdrmMLgdqfig
7ee030c2-0b80-458f-8e68-15f893db446f,https://fathom.video/share/NBVAHeN-94tKxN2-wMx4sySufDMcyzjP
7ef67cc0-f66d-4909-8efb-12770277476a,https://fathom.video/share/rs97pFuQgUPh6szsAjwH9sw1aLkHHrvu
7f325997-bfb7-460a-a468-2b91302bd7e9,https://fathom.video/share/QAGz2RzMwdaWi-Fb81rgBn4DY2vmHJsS
7fd79da8-df17-421f-858f-5f89c3085443,https://fathom.video/share/yhRzfKDGssEWZn22kzJFGHpPWJBxfDTc
7fec82ac-98ee-4fcc-b929-fcbd83b639fe,https://fathom.video/share/Ubskzg3TagZQyZdg8zisxrfse_Ryiyz2
8104a95f-ed94-4844-95bb-cea365c13d52,No hubo
81eb0cad-4372-4aa9-a7e5-ef8e3e25e181,https://fathom.video/share/8KGkfXRtJg6Tcuc94vkLx94Xy21Kvsyv
821bb1fe-3387-4c2f-ac48-cb5ebebfc642,No se grabo
822854b3-8e8a-4c74-99eb-7f94b923673b,https://fathom.video/share/XXKwzJFxCv62v1utEkUNx26Vz7_3yySE
82987b68-0a25-4e4a-88e4-35661f47a405,x
833e1c6d-1d5c-4515-9c34-83c0911892fb,https://fathom.video/share/nui9ixRbhxxDGZEzSVw7PWjqzqUqvfU8
864b65dc-6cf7-4ef8-8b22-eb72e9291e90,https://fathom.video/share/bsb-Ac-y_u5E1YsLZV9ux4Si8qos3v2a
86b3410f-1bb6-4ee1-8816-cacbc5462688,https://fathom.video/share/sNKBZnaNZNWyWMSyBuGmtzhkGJQdEgCY
86b444c7-b80c-4455-8811-0f10c4f56545,https://fathom.video/share/aq4zWNYyAY5ekMAAR2Tp5NjXV648PBJs
86d96d64-50db-423d-829a-a2fa768c8949,https://fathom.video/share/wwuNbXiEHsXzomp5u9jPbRWy495sy_ms
87170c88-c1b6-46cb-9a3d-0f7923bcdbe3,https://fathom.video/share/QWgkKGCWigb4aURyFWxqzas2Zs-JuLNY
87a5e077-a158-40f2-b09f-14f1611ce940,https://fathom.video/share/4p9yxVsAg_z_iNYaVyyhn62s9QtrxsEa
87daa456-c995-4a86-a619-38a797cdcbf6,https://fathom.video/share/QmjkKXEYUoUHratpxZ6taXzGrej5HEZn
883ac3ab-d735-4203-a55c-d3eb8d69c0f6,https://fathom.video/share/DarBSCD2TyJtDzGCJhY7Ao6Dt3wxYz65
88cce93b-fff1-43dd-b3d4-83c8083d497a,https://fathom.video/share/v9bffwzWkC2yWfMU-cPyZChHAuy8DP6T
8959fe5a-79e3-49dd-a0c0-168e6c79e877,https://fathom.video/share/xv9nJL2UbUo4Pu4whz8MzwCpFxGZ_tqn
895e4ace-1d3c-47a5-8d50-4d99567b436c,https://fathom.video/share/sEyxyvickwaPkyEyJyNWAGvTCGcyRJbn
898fb00e-0984-4fa7-9631-290b02bf318f,https://fathom.video/share/kGw9ZxsGBt6ppAEydSwT-zjVcMUnXDJk
89c24a2e-0eac-41ec-8b98-454c8e958d81,https://fathom.video/share/B99KwdH-Uoaku_yeUmVbhEsL1CvBayyk
8a47b40e-0a92-4558-9b4e-5f7e9a51c044,https://fathom.video/share/knaaWRa6Di6EgLLk7kgyd3L4NcxexF21
8ab0e77e-2597-41c4-ab9e-229cca73e5bf,https://fathom.video/share/65U8p9R5x2VzbbjyZL9VtKm-xSgs583U
8af55e4c-4cc8-4af1-83f8-cc53482828f6,No hubo
8b80f6c1-fa92-4c75-a77d-2eb141026611,No hubo
8b9e303f-048b-4e98-966c-af8c8ca65b28,https://fathom.video/share/gcPP3E_4JvP4xCxk5uhe-gXSeiYNi2gL
8c4332b8-af7d-47b5-b77d-6a34938c5807,https://fathom.video/share/MNyGSL64stAAqY-FB9EsEKR42yj_8pE6
8c8e8857-b744-4e0a-a73f-553d9dff58f3,https://fathom.video/share/1Zv_JnJXzDMqZ6svz2jsmBxGK1nMG5Z9
8dc399d8-1328-40c9-b3ea-e5f866963386,https://fathom.video/share/7XZpLYgg51zxWQ4E9eERL-nsy91Zr5Tu
8ee160a4-8053-402d-8f87-ecac62573f49,https://fathom.video/share/_jg_CiCp5Du7AJ61ZDyyMgybVgmiyK_x
8fe39e5d-0659-4b2e-ba17-aca079836bab,https://fathom.video/share/6HxxRWykHyNPwbFvq53_MziN1BqZUTw1
908468af-67bb-4f74-875a-3acebec82d07,https://fathom.video/share/4wGz99FvfzPZrZ1PxBQ5cUAk2_ykz_Sf
9141ad1a-cf33-4f37-83e6-b3d7be6ae8c5,"https://fathom.video/share/nWJuJZioKNCRK7Aodgms2QS7gTCp9Ry
https://fathom.video/share/6dDBG_seJsBARcBnPzFEhL9XEB4rjFNz"
92469707-549b-40f1-9fec-416635a3b202,https://fathom.video/share/fG_TxjpsTy56ddsSqxGzaFaFPWTCXJ4F
926aa861-0578-462a-b2f1-9d60471f1e67,https://fathom.video/share/s3rxxTX4vyPe9G8PxUxXsRLzJyZfyG7W
9314128a-8f7c-4d10-91f1-ba6c584c93dc,No hubo
938dbb5a-2087-499f-a0cc-bb198aa3e32c,https://fathom.video/share/dCKxArVBtJakEz9FebXboqNKHn4cDoNx
93cb4ef7-9a09-4525-bccc-bec728d7df84,https://fathom.video/share/NWtcGW4WYejZYhy8M2V1VgjyTEBs9n2q
9433421e-3637-4eff-98d5-437ad3bdb65e,https://fathom.video/share/2c6-NMtdFajVxBqosrSanvo3ziuNBjzV
9595c4cb-bd1c-4f4d-b2c0-e043a5108738,No hubo
95fd8d14-ddbd-432e-8d06-d2640a08c05b,https://fathom.video/share/LuvsiRGcspDPb7CsjTPbgWYKu4cYdo-h
981556af-1f4d-4ae1-ab65-71508b83f8fb,https://fathom.video/share/fG_TxjpsTy56ddsSqxGzaFaFPWTCXJ4F
994c2972-5d37-4aa9-8c9d-2e7ae59d7b9f,https://fathom.video/share/85ThMDvN2NTyoWx1sA3oVP1JFusn9uxo
99acff2c-d003-45aa-8b7e-5384c5cf465d,https://fathom.video/share/A--NpnTQtGyhB8mxGGKXEbYX7tLW36EP
99fed838-18d4-435e-88d1-6b796cfbc981,no hay
9a22230a-5177-476d-9061-bc2be1221691,https://fathom.video/share/WHNs85xzuexvNk-nBuyWbGLYzRP1Pxov
9a8dda5c-7bfd-447b-bdfb-d7433f52f704,https://fathom.video/share/kR_YuCVxtzwsW_3wtzkbcJczVsNk-Mpt
9aba0b41-0226-451d-8c92-4754c0575e1f,https://fathom.video/share/zXGgLw2doSWXGGMkRK-p2FtduUfrnxyG
9bae17be-6642-41fc-b754-3707a392c5d6,https://fathom.video/share/zzxSaQiwvmDb9TvGzqZySYx42LNxMyBi
9c494c91-6914-4ce3-9c05-8f0741fdfd03,https://fathom.video/calls/693166625
9c790564-07b7-40a6-9bcf-2e529ca8947d,https://fathom.video/share/Tks-4HrCR6fWBbW6L6ji8D9LjT9mcaXe
9e6cc26c-e32a-4933-882e-755d8c021aff,https://fathom.video/share/_hzWss8jFzpzp5K_A8zk-4cRQY2ZY6_6
9e760081-c306-4a36-a62a-27375a25b5b1,https://fathom.video/share/juMdo2eBb3uk5xTDRqeJJb7yKezG2H6d
9ebc25e6-ca57-47aa-8abc-2b6384206a42,https://fathom.video/share/iTTdPEAZQ_Ay1yfcXpMU2jr8puLmDMjs
a057602e-fc62-4066-a706-e52e56068d11,https://fathom.video/share/Gpvk_c7ebemGqJeqzdz6T731Gm_dXhLB
a2940a9a-ab10-4f9a-a604-35a958bb30ac,https://fathom.video/share/uY-zoy2Uhrw8xtBGrY-TyAjsBWqPLsxH
a305f9ba-10ef-47a1-a7f1-e495dc3c2158,https://fathom.video/share/wEWjRy4tpJsxLnpH1dmB6HzZisobyz4Q
a3101103-8529-4384-b8a2-61e3e10c1a8e,https://fathom.video/share/LZZwUg8VprPitT9N-eNzVmyR-dNYLbRp
a4dae9b5-972f-4b77-a76b-f2e4a719a8e2,https://fathom.video/share/LV82Q_QsiKsbLjizp3RZpPU-S-A5y997
a55fef3b-9d64-493f-b8c5-8187c8843392,https://fathom.video/share/z9qxs8K_3PusVDs4q-LmrkksKtsqs6s7
a66c9b9d-bd31-42ea-9fa6-a7373665692b,https://fathom.video/share/sdDzdQKJ6kfDjoMjUtyWbW4UU1szTSe-
a713554d-abcb-473a-91e5-dfaa10b67a60,https://fathom.video/share/fXJ7B5D6C9jihKEmzn1pARQyanKHyrYH
a856e6e4-fae4-458b-971a-3b840f69d5e3,https://fathom.video/share/FtrNFdxbWaVM3wJdNLCb5sGyFymSsJFx
a8a9a4f3-603e-4772-a873-cdf49794eeee,https://fathom.video/share/mrCVWmANVnvu92Bc18Hk25-CVe7FXZzk
a8c610cf-a509-4e01-8966-dca6f6210af6,https://fathom.video/share/Wj1Qkc8ngkhAMykGxva859iG4Y9dV5Tz
a8e698fb-b907-4aec-8087-a79e8202cb3f,https://fathom.video/share/fsCiVLmUQnD5vxQNXaaVrCUztRn9VWmo
aae115d5-c792-40e0-934f-82daf839e794,https://fathom.video/share/zUyQg-wPv2vZWmERH3ZxGp-c6MwHFHYJ
ab450f0c-d8e8-4249-a30c-68a30b9806c6,https://fathom.video/share/Cs6s5GRNyWvqn1ycfAMSHqzscs_FTRdL
ab5d8f3b-892a-4d1e-a0c8-f44a7a1fa257,https://fathom.video/share/LzBxJf29pJBnUa_MxDShNBxE-cA_VyzW
abc9a0df-8c33-4fe8-af32-61be175aa9b9,https://fathom.video/share/b8i2gpqQGzxzhJWPSND351vkscGQBriZ
ac3a1252-e6a3-4c9c-a604-5caf95b14fb6,https://fathom.video/share/dbkCEUysbdqx2zNDgCJcupWffyVxRrWz
ade717a8-47b6-4b61-9b6a-75ff9c48a025,https://fathom.video/share/FCrN3vbimMyRsoxqrYzBDiFAoThyGazW
ae6edc84-c219-454b-b340-63b856c31940,"https://fathom.video/share/Jcxv6v6Zbki25dbmGUGM6VWLLjsnu7XC
https://fathom.video/share/dfaktMN9FnyGLXv3iexLpyEsWwqGfPyJ"
aeb9d4ce-0e62-4a52-a4be-6134a6d35dcf,https://fathom.video/share/YGmYuP4uze84MmsV34NyN-CxN7X-iq9x
b13ad2eb-7dea-420f-9c83-3075f5766d02,https://fathom.video/share/8sydgEd-2NrADic4Axt6gWLwQMs6UbBK
b196f165-a81a-430f-a2be-72dd68a2bf1b,https://fathom.video/share/jwsLFrywTN3TfyvxpFBMxbJzoxikkq_7
b287c347-8252-49e2-b6e4-bdd7a3b8e999,Link de Fathom Test
b2ee4bb8-c61f-45ad-acde-1ad883ecc987,https://fathom.video/share/gSFFcyiQxwjt1xB4ergaY1HwbqD-qJQ5
b3cbe3ce-0a37-47e9-a145-26d3f15f711a,https://fathom.video/share/vAYPp8KhaLJbrd7B_xb2PnVZWGGu2n2z
b49f20ea-8010-4cf2-afff-7201931e9bba,https://fathom.video/share/6xhZJRVSqoKs78sTz7P1UL69eTisBgGm
b5db8a58-4fcc-4e88-a0be-15ee24cc196f,https://fathom.video/share/XLyZAs-XhHenG2iEJhg7f75zFpzTo-Z5
b6ab6329-2b44-41d8-bf65-ff5a1fea79ca,https://fathom.video/share/osHj-2Y6HUcTCA23KEJb4vx9VmPT6nuY
b87aefd5-7e2e-4cfe-9fef-3defab5cb2fe,https://fathom.video/share/hWkFwxB5MLPTvSytwwRspGNWif3P4E6u
b9185572-438f-43fd-aec0-941624d38ea2,https://fathom.video/share/wFQQp2HhaiL3TC4rTymmyzC84JkekgAn
ba3c034c-afeb-4eeb-84dc-31249b8f6de1,No hubo
ba433a54-084c-444f-85e5-f05beeaa974c,Npo hay aun
ba8771a6-6b6c-40ce-888f-c0ce6f33efea,https://fathom.video/share/DWGZJFKAs_shXVWabwU4x7yot5nRAkmr
bcb55caa-95b2-4d05-b874-447fc0bdf802,https://fathom.video/share/To-YuU-fjzFJiEq5-v61W3gh75KyVeMp
bef83f2a-4888-4fee-882c-9be433e1f2aa,https://fathom.video/share/5rxAKKD7CZUNxUmtYsU1mgB-ryzu7aex
bf19b40d-fa8e-4852-bb25-df0c40042d21,https://fathom.video/share/teKncu7Ee9oeY8-RH5Zia1e4VscyFHyZ
bf3c27c4-d394-4584-ab2c-b5665bbbe146,https://fathom.video/share/LLTFs8-M2yMEkJ-Pn1uiRudgonCb2BNx
c14e07ec-ef3a-4833-a4a4-44c59cedd35f,https://fathom.video/share/YzsPfBsedw5cH98QNXXJepYdPxWjR1eS
c1a033e8-1b35-45d6-8f18-52e28e139603,"https://fathom.video/share/Wmxoz91vYYkBxMu3EqCwM1x2CY_86yGw
https://fathom.video/share/kxrFwga-jK3YCFL6Dng2-Yvx_zn2Gw-4"
c1b94158-8b72-4704-90d2-ba922d11f750,No hubo
c2d828a4-71a7-451e-838d-9ea8bd7469af,https://fathom.video/share/VUqysqgesRjxUT_HrKUWp2DLDdJkFZ6d
c34135ee-35d8-4243-a104-52ec308664b8,https://fathom.video/share/QtVrCXT8ra8GWJ5YKSKBysSKyb8xJKqn
c41d731f-5a90-4ba2-90f7-9de2a2b3cdcd,no hay
c43d1ec6-7464-47a6-9a5f-eb1652410898,https://fathom.video/share/GZGwDyAJUdAzRhsbEqrLTsQUHYXtzZ_U
c56c9677-c7fa-4789-b963-950491d92052,https://fathom.video/share/Gb6pqxrs_-FTrzF1QRqHC7Gmdsx3Aox1
c5bd6f3d-b391-4422-b2a5-aa553348f5b4,https://fathom.video/share/5sspbNcgN5nyC1TS--xnY2EoRFFStXfQ
c62ba4da-9cb0-4311-aa03-760694ddb3e7,https://fathom.video/share/fDPcHzXRD79UXyDNQcxpTQQhhUpxcRQP
c671a494-9dab-4559-b315-cc48daa20294,https://fathom.video/share/76s-FS3_5hukzCXAJSsxVPUmy1xA1n6m
c74081f8-4537-4b81-be58-5f0180bb6f68,https://fathom.video/share/wX4XjoSbn-csAPyfjEEFx1F4EVPNR7sz
c7c868e5-cdb9-40c8-a10a-a42375c45f63,https://fathom.video/share/wn5oszdGdsAUyN3B18Ff7jrfvr7dE8cR
c874a256-2fad-4d87-b27d-5e20a68d89cb,https://fathom.video/share/s_JEoVm991dxmQb2K-MnxdWUDKs7snVy
c885d214-275e-4a42-903e-fc80dbdcd039,No hubo
c9176301-3486-4f12-9201-3e4ad9bbb719,https://fathom.video/share/vygqCtcjRtK44AyexfP75We_qq9FFMfs
c93ee7d4-e60a-44ef-82ac-823e8b741460,https://fathom.video/share/yQQMwbtLdEEJGgVLEGs-DZtePSqys9Ug
c96e3ef8-4b96-460f-99e0-e83b078be501,https://fathom.video/share/ZUt-zza4ykDBb1zZY-1Rsh3uPf8289Y6
c9ef78f8-b2f0-40b8-b046-42b26903d761,"https://fathom.video/share/xSzvidxFNWhatNkB8nos63s84R_wsmED
https://fathom.video/share/ujBXtcVoxjG5b5DyhkqzpRhKtaxXGfuq"
ca24ece7-b30c-48b3-9c0f-520b04df07f7,https://fathom.video/share/cZc9qW5Pjast7BF59XQSsC_U1tNjsYkC
ca54ad43-0bec-4d3e-87cb-592231ad17f9,https://fathom.video/share/Uzt2ZJZ8DreTD3hu_2X9_ZRoDQ1xjNQ-
cb876a44-6e05-48a0-b3a5-68e0b00fcaff,"sin fathom, no grabo"
cbee06de-4b77-4332-97c0-ecd902de9b0b,https://fathom.video/share/rLDvbeeM8McexdgyM_1PRNx2Qeb_vbez
ccc645fa-df8b-421b-9f24-a4ff06505a92,https://fathom.video/share/uKCejJL8mZFTKS-DSWY7pwSDXKWs4o5z
ccd1beaa-b153-4daf-96a2-bcb57c867dbd,https://fathom.video/share/oF5nzHzkt1DjsTaFXPjYxxfzpkE-tL3c
cea1d767-b258-45bf-8b5c-b1201cc2298d,https://fathom.video/share/eenSZXGjbgQeFBjvsDfQs8BzVHKwFyty
cf373792-22b3-4b3e-8b29-a4ccef929721,317 4001523
cf825296-da08-4adb-bd56-aa7e14595a53,https://fathom.video/share/iWVXYzv9UbsMXoDYyheTRy7xST586xs_
cf98575d-344f-4768-b7cd-b89213ba9f85,https://fathom.video/share/j_dqBmVFTbDjzqvBfpd61SL3UhKuVSK4
cf9d8dae-ac98-4783-a197-9c70dec3620c,https://fathom.video/share/oF-GUGm33sp7uHdjmfAecS5WH9Gy6qnn
cfed6b76-cbbc-40a9-82a0-1ba60a47fd9a,https://fathom.video/share/mRWhTkkJycmyE_Z7o_xjZx9cNr1xzAME
d010e94a-a21f-4c1c-896f-27e38a65d945,https://fathom.video/share/gRcptxxfc7L13mT7ygB5mKr1FY1jHzPB
d082140a-19ab-4afd-b933-ee08820c1e41,https://fathom.video/share/tuq-csB1_p4SzTtV4d_zYKRM4TsHUHxn
d082759e-5f0c-4698-9406-9c73d6063b9b,https://fathom.video/share/zSkvzXYfmsHsvL5wo9xTu5J1tGF5k54h
d1236393-16c4-48db-9032-bbc2e1b2d09f,https://fathom.video/share/DX1LEokqZZpVCjgzLA1Vayx_4JLYxSP8
d12f930b-91a1-4598-b29c-d5884a111136,https://fathom.video/share/Vq6RhsgUBUmAQyeDAky-TPJz3Se7xzGN
d2deb6d0-30cc-41f8-a1a4-c45610131297," No hubo"
d3dd7c53-c5fa-4144-beea-7861973d9e68,https://fathom.video/share/x3vFspEzyf3gd84mPZbj5X_LW1uYFRNp
d40437eb-cfeb-43fe-a3ef-dbd7e6fa1525,https://fathom.video/share/Fih72szBs86_qHzRHTLmyUwycTHNGGzz
d4f46c5f-d02a-4f9e-8f4e-4a8f65b1112a,https://fathom.video/share/gZ4MxTszAPx-ZnzKEaH4sj--vpWRECwf
d51a7a53-d40f-453f-b9c1-f64fedc732c2,https://fathom.video/share/z4gz49aKm_4P_psNfyesjj51BvTzN7Bz
d5dd1672-8013-48d5-acb6-c0007f497fc8,https://fathom.video/share/_yrriUwhXdGz9qEk9TcRYmVupZStGgEj
d6562c87-bcdc-4358-b634-35d31afc26b0,https://fathom.video/share/mbMcGeWeSjPNzsyBYhN7Fx7NzJ3SZt9F
d6d254af-02e9-4368-b06f-4b0b8ff3d768,https://fathom.video/share/Xqfu_j-z5Np6H4a-8jRN55DGwxfCZa4A
d75af341-3836-4ae6-a1d9-9b4f9e3efa0e,https://fathom.video/share/1cURvd9JXgFLnhUZksbFYcMgQa9eEZUR
d80306d1-9d14-4153-82a5-f06eddd7b7a2,https://fathom.video/share/z7pJsdDLZTv39jRx6ECzysUgoA5G3fzV
d8f810d8-f173-4ead-8288-0ceb92aa0b15,https://fathom.video/share/xhxyAgGDTGTXUNYvcKSxsNYEs6pxRCsi
d953fb34-019c-4a9b-bc83-2cce5396a0d2,cerrado por wpp
da97c80f-29e2-496a-80a4-226284376b42,No hubo
db0208db-828c-4fcf-9142-e5e97fa2f1c1,https://fathom.video/share/pAeF7KHExAfV_T5PShQEdRZ7sqTns5xx
db5b9e01-4eee-4594-a91d-f108ed6bc5cb,https://fathom.video/share/sc55bVJc6ArdrHtkuuysomasKXAzgueh
dc8c07ac-fdb4-4267-8dd5-e05afc14ab3e,https://fathom.video/share/wJUaCM-wzvPJpkVptnofdLxY62jPkzss
dd30d2c1-6260-4d04-a55c-cc70485f0d1b,https://fathom.video/share/3r3ov5Mkkf6NmxDsyVqe1oi-oyYnrQLB
dd568928-904d-41cd-85e4-8423a046d29e,https://fathom.video/share/u_-pg5KB2HeLGKuVAbZ6DVNdz_BFnyry
ddcc10b4-d247-4baa-82fc-48fdbf30a0ef,No hubo
ddd82e44-8397-4f10-924c-98ddc52c34f5,No hubo
de2730f5-e2a7-42fc-9f99-d168b92037a2,no hay
deab95f8-7bbb-403d-b8d7-bccb4920f4d2,https://fathom.video/share/2wxLTRdZa2ReHsEjgCVxWSBBYLnXZRqL
dfee22ce-872b-4c88-b88d-d84e2db03002,https://fathom.video/share/xdCP9SYP6ER3xdbGger2mANNrYiRV7Qc
e0e0b935-7c39-48de-a7e4-0f6b643ac3d0,https://fathom.video/share/oZxzY5d2wjzVD5geT5LPSs4xeCBCf3RX
e133c175-9e61-4c05-b93f-c88f7aaf50db,no hay
e17298cf-992e-484c-940b-6fad417feb3c,https://fathom.video/share/BopwDwszkB_Cy1CDyX2Z1wLz2iFNU_8g
e1762149-fe62-44d3-ae82-8cf8526bc86b,https://fathom.video/share/c4MPHyz9gm4opW6aF3zmZAZQDfPPvkXp
e26d40e3-abdd-4a9e-883b-687f9b0b9a76,https://fathom.video/share/oRbD88TuMUeApE2spf2mJZBD_PSnxzfQ
e2f1ed55-18c3-4bac-a230-7969c6f24fe5,https://fathom.video/share/7z7PaugoC25rui9U6QjRXEzSR6sK2xQ4
e2fb77a6-186e-4a77-b480-a9375ee1a331,https://fathom.video/share/qzRgYbBydvGi5YEXNjesNnk_-MepkhYy
e4a31ded-a1cb-4e99-8d6f-f3ec6f855642,https://fathom.video/share/zRMusJ_42femkhQeK3ew84-yV1TN5ZDW
e68757b6-73bb-4d03-8ebc-e220a36aab81,https://fathom.video/share/-q9CZEAfvuQTfkKjdEXjoJgYVv3FNjyk
e71b8ade-328d-40ea-8f95-0b055dd2746b,https://fathom.video/share/NqrTWAoezb3tV_qGQmXCpbNHKqVmLyBT
e72dfd64-61fa-4004-99bb-060de12017d3,https://fathom.video/share/V_RyE9wxA37hz5C-ru3XCwaJ2yxM4zuq
e8450e2c-7815-4e13-8703-ff286fbfe851,https://fathom.video/share/eddDNHRqVWJzqw6WtFMTzQaEpL9Fy6s8
ea56d1ed-3449-433c-b8bf-26184aed776e,https://fathom.video/share/FHobqoa3jK87QpbMzf8M7EbVz_DBMucy
ea85264c-031d-4c06-bc88-98c3107c2778,https://fathom.video/share/ExBzihuViyHDoy7a89j6ZxnWHqqQM8vk
ea8c50d2-9895-4427-ab51-2f5e7ce1a91d,https://fathom.video/share/nD_QAGpL1JP_bynWZZ8DHVzZ8BniskcQ
eaaca8ca-6d70-4b9c-8638-8994468e25f8,https://fathom.video/share/FuhExYtYXHx9RAo7kUDjDBqVS9j-enHH
eabdc20c-45b0-44c0-848c-3ef23c941f4b,No hubo
eaf851a6-c805-4c09-9a6c-05a81b02a3d5,https://fathom.video/share/rWHwcQoV9qg_by5qJiScDvn9HiszetEz
eb317438-abd9-4df5-8887-4178dbb39320,https://fathom.video/share/-dn9CSbq3iC-sYLYSkk8fNcm1s_DBrgV
ebd39a94-f837-4ccc-a14b-5147a252b1b3,https://fathom.video/share/xehB3tgHGJykwkTsBG-4JGShNzdw-UzH
ec05ffea-9904-47bc-9d81-54315f0cc164,https://fathom.video/share/687YWiY82GB6JzuSS4ettK_FxexDznkw
ed84236b-8b9d-45fa-b10a-fb017e26cf84,https://fathom.video/share/kUQenhL7V_su5VZCsLWVcMd648jsuBNT
eda388c9-7408-46b8-9557-cf4d84a49090,https://fathom.video/share/QAGz2RzMwdaWi-Fb81rgBn4DY2vmHJsS
edb26182-b698-48d9-880d-be85faee982b,https://fathom.video/share/XDQisDLgKFLSuTLN3joudrSJ1WDRpSzT
ede4b80b-358b-4041-9a3e-483308ce74b7,https://fathom.video/share/tD8CaLC5jfasNyGMx-rpBJEgLW7xXW3D
ee1babb4-2ddd-4519-98ae-d6bfa7a5165a,https://fathom.video/share/6cGt4DRzU_gZWLziAzUmoeDCuzHuMpUB
ee2420d8-0aad-4957-a662-7f4c11ffe72b,https://fathom.video/share/8UBQzssMq9x8avEqPU97PpwzgLJkxsWK
ee59aa63-242e-4ba2-9b69-a9fbb5a7601b,https://fathom.video/share/sCz8nDzycuHaQL8KxzyAV1sNzp1DU1_N
ee79c3ec-2947-47e7-b070-c738e209259a,https://fathom.video/share/cPxWURUsHstJbAtiP7K8Kc_68fmXz3K9
ee87f948-6038-47fc-be78-da6f894b255f,https://fathom.video/share/yamNczyxFcYZxtEBPLzSkD7zE1b9wFzN
ef51bac0-5486-420a-91e3-6a5578a51da4,https://fathom.video/share/8z1TQxuiYMQyjkJpT8LcHYyzNBThvZ4C
ef81408e-1645-4142-9e50-23e5c569a12a,https://fathom.video/share/S7Vu1csLAsfFmb5QQkZFCVvR2W3rbsty
efa84d3f-5277-4177-88a2-01c04862a795,https://fathom.video/share/NyDDM1b37KouTUdG99M5ptwFjoeFM_iz
f01b3204-40f2-4a2c-b6ae-f1b8343cb84e,https://fathom.video/share/TrojkvP4StP3vaQdvthUxxoZ6LRJZyxX
f059fa90-e2a3-49fd-a3db-72b7e12d44f1,no hay
f21000cc-b42e-425c-849e-b76f25dbb838,https://fathom.video/share/YfoA1EUv9FXKfKnvCBr8R2zy7REcn5Ys
f390d60c-62a0-43c3-af20-55f468b0a88d,https://fathom.video/share/ytzzFPY26Xpw4ZHaffdW35uNXtASBseb
f4812353-e0c2-479e-9635-4600c4a0ebdf,https://fathom.video/share/tP7kXyXWYMQygJy2oa7Ys84yufwAGABn
f4c0a832-e1e0-46e8-a92a-8f5a508090e8,https://fathom.video/share/Ya1AbzX8D9ibhEFhUTrJyJwLGsdznTfW
f74b83cc-c218-4855-ac83-747650857375,https://fathom.video/share/kJTqndnMZGbKez19Nysz7eRbwd2VXosv
f78bb0f1-9038-46c1-99fc-517440946947,https://fathom.video/share/vwBogZf2zft_Qr12L27xTyYRzSYhZ146
f78bce0f-4087-4333-8549-6dc6f15625ca,https://fathom.video/share/ssvkMtRy6PjAm_bfgMvsEq_HYuSZPe9s
f82c8722-9e41-40b5-a82f-0ebb78e58b78,https://fathom.video/share/VzsvaK17UnESz-4dxPECsF5JjhJXxyxq
f9e25e08-d7f4-43a5-8b6e-f1194178c4d3,https://fathom.video/share/AsrcFsR6m4u4kd51haa65zEB9VuADDrs
fb96b835-dc82-47c2-991a-80184ed9550f,https://fathom.video/share/2y4_GC6pa3FfCgzzDaygW2AKeYAh93co
fc79a30c-4b06-4f98-aab3-9f523b2ce8f4,https://fathom.video/share/tpq8kstUFx4u3vavRshyo5UXFCytqHde
fe86c5d1-cace-44c1-a24e-dce82fb4c1db,https://fathom.video/share/bRA_hMVdkR9D8ToFtvDGzqF9yD44EqrK